timestamp,x,y,z
1730017526625169679,-0.185,-4.23,0.0
1730017526750169681,-0.18125621974038153,-4.240447945428068,0.007
1730017526875169684,-0.17751243992484286,-4.250895889530423,0.014
1730017527000169686,-0.18125621974038153,-4.240447945428068,0.006
1730017527125169689,-0.18125621974038153,-4.240447945428068,0.004
1730017527250169691,-0.18125621974038153,-4.240447945428068,0.013
1730017527375169693,-0.19414817882676627,-4.256856923529188,-0.005
1730017527500169696,-0.19040439906565512,-4.267304867652333,-0.019
1730017527625169698,-0.19414817882676627,-4.256856923529188,-0.021
1730017527750169701,-0.19414817882676627,-4.256856923529188,-0.032
1730017527875169703,-0.20246604844390556,-4.259837440093635,-0.042
1730017528000169706,-0.19789195897465472,-4.246408978556853,-0.045
1730017528125169708,-0.20620982859179404,-4.249389495121301,-0.042
1730017528250169711,-0.20246604844390556,-4.259837440093635,-0.045
1730017528375169713,-0.19414817882676627,-4.256856923529188,-0.025
1730017528500169715,-0.1858303093758228,-4.2538764065298125,-0.012
1730017528625169718,-0.16919456802089688,-4.247915372590991,0.005
1730017528750169720,-0.17376865994316443,-4.261343834067729,0.012
1730017528875169722,-0.1571329182015845,-4.2553828009781425,0.042
1730017529000169725,-0.1571329182015845,-4.2553828009781425,0.061
1730017529125169727,-0.16087669834937957,-4.244934856005772,0.043
1730017529250169730,-0.17376865994316443,-4.261343834067729,0.026
1730017529375169732,-0.16919456802089688,-4.247915372590991,0.023
1730017529500169735,-0.17376865994316443,-4.261343834067729,-0.007
1730017529625169737,-0.1820865293941378,-4.264324351067115,-0.008
1730017529750169740,-0.18666061863985578,-4.277752813515335,-0.02
1730017529875169742,-0.1820865293941378,-4.264324351067115,-0.009
1730017530000169745,-0.17376865994316443,-4.261343834067729,-0.012
1730017530125169747,-0.17376865994316443,-4.261343834067729,0.018
1730017530250169750,-0.17293834816874798,-4.2374674276186415,0.037
1730017530375169752,-0.1571329182015845,-4.2553828009781425,0.078
1730017530500169755,-0.1571329182015845,-4.2553828009781425,0.077
1730017530625169757,-0.15255883096466968,-4.2419543397956465,0.095
1730017530750169760,-0.16087669834937957,-4.244934856005772,0.091
1730017530875169762,-0.16087669834937957,-4.244934856005772,0.079
1730017531000169765,-0.1571329182015845,-4.2553828009781425,0.1
1730017531125169767,-0.15338913794192494,-4.265830746406194,0.127
1730017531250169770,-0.1571329182015845,-4.2553828009781425,0.111
1730017531375169772,-0.14881505120359423,-4.252402283918698,0.095
1730017531500169775,-0.1571329182015845,-4.2553828009781425,0.099
1730017531625169777,-0.1646204786634078,-4.234486910598488,0.098
1730017531750169780,-0.15255883096466968,-4.2419543397956465,0.097
1730017531875169783,-0.17751243992484286,-4.250895889530423,0.081
1730017532000169785,-0.16919456802089688,-4.247915372590991,0.072
1730017532125169788,-0.14424095939310524,-4.238973821986247,0.081
1730017532250169790,-0.14049717935702358,-4.249421766502771,0.093
1730017532375169793,-0.14049717935702358,-4.249421766502771,0.113
1730017532500169795,-0.13217930962807747,-4.246441250394134,0.116
1730017532625169798,-0.12386144012283838,-4.243460733373912,0.124
1730017532750169801,-0.13217930962807747,-4.246441250394134,0.126
1730017532875169803,-0.13675339837836487,-4.25986971365004,0.129
1730017533000169806,-0.1359230899965101,-4.235993305007524,0.134
1730017533125169808,-0.13217930962807747,-4.246441250394134,0.145
1730017533250169811,-0.13217930962807747,-4.246441250394134,0.133
1730017533375169813,-0.1858303093758228,-4.2538764065298125,-0.019
1730017533500169816,-0.19789195897465472,-4.246408978556853,-0.024
1730017533625169818,-0.1858303093758228,-4.2538764065298125,-0.018
1730017533750169821,-0.17751243992484286,-4.250895889530423,-0.025
1730017533875169824,-0.19040439906565512,-4.267304867652333,-0.037
1730017534000169826,-0.19789195897465472,-4.246408978556853,-0.09
1730017534125169829,-0.18957408952367388,-4.243428461557464,-0.094
1730017534250169831,-0.1654507880392119,-4.258363317128293,-0.068
1730017534375169834,-0.12386144012283838,-4.243460733373912,-0.062
1730017534500169836,-0.09516405084858352,-4.244967129046506,-0.06
1730017534625169839,-0.06729697151222086,-4.270349928472716,-0.056
1730017534750169841,-0.025707621698337235,-4.255447342996605,-0.06
1730017534875169844,0.0325174675666815,-4.234583724308872,-0.084
1730017535000169847,0.0944863341340148,-4.224168048689628,-0.076
1730017535125169849,0.14730702519754751,-4.24060929632721,-0.055
1730017535250169852,0.20927589203406405,-4.230193620106734,-0.074
1730017535375169854,0.2583528031700079,-4.236186923186456,-0.066
1730017535500169857,0.3527628401107757,-4.237725583362112,-0.057
1730017535625169859,0.43511122952555964,-4.231796815769532,-0.058
1730017535750169862,0.5045676610554608,-4.242277026817128,-0.063
1730017535875169865,0.5740240901236031,-4.252757236313001,-0.075
1730017536000169867,0.6397367407331769,-4.252789500688602,-0.063
1730017536125169870,0.6933877390883578,-4.2453543396020095,-0.044
1730017536250169872,0.7674182595737602,-4.242406085320172,-0.041
1730017536375169875,0.8481060331994228,-4.284230125169912,-0.008
1730017536500169877,0.9267106426565657,-4.267853408047703,0.027
1730017536625169880,1.0090590333367042,-4.261924633990006,0.02
1730017536750169882,1.0793457733452896,-4.248528433367743,-0.003
1730017536875169885,1.172925508635041,-4.273943488648477,0.009
1730017537000169887,1.2552738978866123,-4.268014712644405,0.012
1730017537125169890,1.3542580284166301,-4.256124898743331,0.016
1730017537250169893,1.441180507723578,-4.236767658487287,0.021
1730017537375169895,1.52061542231601,-4.19651452797928,0.083
1730017537500169897,1.6316612042087797,-4.192092135894555,0.115
1730017537625169900,1.7260712469182224,-4.193630777915655,0.145
1730017537750169902,1.84543489905337,-4.186227864540356,0.168
1730017537875169905,1.9444190296434423,-4.174338042641346,0.169
1730017538000169908,2.063782681529656,-4.166935123878188,0.164
1730017538125169910,2.1544489432640126,-4.15802581924928,0.16
1730017538250169913,2.2654947269073262,-4.153603418519823,0.146
1730017538375169916,2.3727967271130823,-4.138733071083283,0.138
1730017538500169918,2.4875862938519586,-4.144758609215474,0.123
1730017538625169921,2.6023758614711796,-4.150784146513627,0.132
1730017538750169923,2.721739515306338,-4.143381218532185,0.132
1730017538875169926,2.841103169521126,-4.135978288910288,0.143
1730017539000169928,2.955892738625946,-4.142003821157854,0.14
1730017539125169931,3.0706823077135916,-4.148029350417876,0.137
1730017539250169933,3.209595184649898,-4.168989724336006,0.128
1730017539375169936,3.3243847551895147,-4.175015250054802,0.012
1730017539500169939,3.434600241720582,-4.194469238704945,-0.044
1730017539625169942,3.5689390362947195,-4.2288580689630315,-0.061
1730017539750169944,3.6883026944122914,-4.22145512688662,-0.073
1730017539875169947,3.8151539221556106,-4.234948068190324,-0.078
1730017540000169949,3.9382613677313167,-4.237993063309167,-0.081
1730017540125169952,4.0659428936545075,-4.227609593394664,-0.063
1730017540250169954,4.192794125493495,-4.24110252765312,-0.056
1730017540375169957,4.320475655269914,-4.230719055271243,-0.066
1730017540500169960,4.45564475564674,-4.241231463916815,-0.058
1730017540625169962,4.587070071242045,-4.241295927857688,-0.065
1730017540750169965,4.718495387589136,-4.241360390515861,-0.073
1730017540875169967,4.84160283721913,-4.244405371615098,-0.048
1730017541000169970,4.977602237425296,-4.231041363916438,-0.047
1730017541125169972,5.1127713420992995,-4.241553763438014,-0.047
1730017541250169975,5.232135004531395,-4.234150796280986,-0.06
1730017541375169978,5.36356032336738,-4.234215247519272,-0.068
1730017541500169980,5.499559725819999,-4.220851232978596,-0.066
1730017541625169983,5.6430467038708345,-4.228383097556333,-0.044
1730017541750169985,5.774472024135652,-4.22844754126938,-0.052
1730017541875169988,5.9021535586100455,-4.218064043157296,-0.058
1730017542000169990,6.041896751200981,-4.215147958311774,-0.054
1730017542125169993,6.181639942858186,-4.2122318733197925,-0.066
1730017542250169996,6.317639346846842,-4.19886784273481,-0.073
1730017542375169998,6.468613902559962,-4.227295576168881,-0.074
1730017542500170001,6.6158446743745705,-4.2452753655565,-0.078
1730017542625170003,6.772223607070095,-4.236398220824251,-0.082
1730017542750170006,6.9028186396431055,-4.260339052320305,-0.085
1730017542875170009,7.050879707377775,-4.254442427852474,-0.086
1730017543000170011,7.177730950693267,-4.267935312874521,-0.083
1730017543125170014,7.325792019375451,-4.26203868256396,-0.087
1730017543250170017,7.461791427771174,-4.248674632857641,-0.087
1730017543375170019,7.5932167561944,-4.248739046532072,-0.085
1730017543500170022,7.7412778258472335,-4.242842406880213,-0.08
1730017543625170024,7.872703155273148,-4.242906815697079,-0.087
1730017543750170027,8.012446354859227,-4.239990697767549,-0.088
1730017543875170029,8.148445764978264,-4.226626636430655,-0.091
1730017544000170032,8.29193275544198,-4.234158453887095,-0.083
1730017544125170034,8.431675958296324,-4.231242326241755,-0.086
1730017544250170037,8.567675369573285,-4.217878257483102,-0.084
1730017544375170040,8.687869332817376,-4.186598830734187,-0.095
1730017544500170042,8.827612534825633,-4.1836826979312285,-0.081
1730017544625170045,8.967355737564306,-4.180766562836787,-0.081
1730017544750170047,9.107098939964466,-4.177850422904669,-0.075
1730017544875170050,9.258903804397548,-4.182401697215939,-0.081
1730017545000170052,9.40239080213755,-4.189933492945709,-0.075
1730017545125170055,9.513436608642216,-4.1855109892717675,-0.083
1730017545250170057,9.640287867140188,-4.19900383509584,-0.073
1730017545375170060,9.800410603460758,-4.2005745705361885,-0.084
1730017545500170063,9.913116982985157,-4.148399244359897,-0.103
1730017545625170065,10.060347774296327,-4.166378969972214,-0.096
1730017545750170068,10.191773112207162,-4.1664433391520905,-0.088
1730017545875170070,10.331516320529508,-4.16352718000161,-0.09
1730017546000170073,10.475003323881213,-4.171058956653024,-0.086
1730017546125170076,10.611002739892184,-4.157694851188792,-0.09
1730017546250170078,10.754489742080622,-4.165226622300619,-0.09
1730017546375170081,10.897976746211693,-4.172758393173531,-0.092
1730017546500170083,11.02940208798954,-4.172822748908457,-0.087
1730017546625170086,11.181206964284348,-4.177373983791538,-0.072
1730017546750170088,11.320950175804226,-4.174457804483075,-0.072
1730017546875170091,11.446971163249271,-4.211827030225156,-0.097
1730017547000170094,11.58962788975043,-4.243235194008216,-0.105
1730017547125170096,11.728540825879724,-4.264195415714364,-0.114
1730017547250170099,11.871197554921821,-4.295603573538461,-0.121
1730017547375170101,11.998048828060893,-4.309096382362424,-0.125
1730017547500170104,12.12573038199137,-4.298712781611048,-0.13
1730017547625170107,12.248007581560582,-4.325634053875013,-0.142
1730017547750170109,12.396068671563183,-4.319737325693834,-0.146
1730017547875170112,12.535811891311761,-4.316821127292217,-0.148
1730017548000170115,12.670981037216444,-4.327333394415645,-0.16
1730017548125170117,12.815298331142086,-4.310988719871122,-0.168
1730017548250170120,12.947553963240775,-4.287176635489805,-0.17
1730017548375170122,13.091040980607241,-4.2947083659067005,-0.166
1730017548500170125,13.218722537245032,-4.284324746180129,-0.171
1730017548625170127,13.3667836288473,-4.278428001448627,-0.173
1730017548750170130,13.527736665080841,-4.256122252719965,-0.153
1730017548875170133,13.658331742668814,-4.280062971813873,-0.164
1730017549000170135,13.795161445860918,-4.242822403496991,-0.187
1730017549125170138,13.938648468914703,-4.250354116294597,-0.16
1730017549250170140,14.070904099909733,-4.22654201389066,-0.15
1730017549375170143,14.21439112195461,-4.234073722085258,-0.142
1730017549500170145,14.33749860995006,-4.237118555438381,-0.175
1730017549625170148,14.464349895413052,-4.250611323662073,-0.172
1730017549750170151,14.595775255234168,-4.250675618178596,-0.152
1730017549875170153,14.727200613528135,-4.250739911779793,-0.155
1730017550125170158,15.017918465149998,-4.2762512417464915,-0.153
1730017550250170161,15.153087623194887,-4.286763463865261,-0.151
1730017550375170164,15.288256785546745,-4.297275686329949,-0.155
1730017550500170166,15.431743814605458,-4.304807371410175,-0.157
1730017550625170169,15.575230845010259,-4.3123390549699865,-0.162
1730017550750170171,15.718717876030281,-4.3198707348157726,-0.162
1730017550875170174,15.862204910764293,-4.3274024137353235,-0.161
1730017551000170176,15.993630275544076,-4.327466685922498,-0.167
1730017551125170179,16.137117309240274,-4.334998358762129,-0.165
1730017551250170181,16.268542675304754,-4.335062626465728,-0.17
1730017551375170184,16.416603782340832,-4.32916582349294,-0.173
1730017551500170187,16.66114306272837,-4.1472246885548705,-0.108
1730017551625170189,16.80463009994105,-4.154756349582102,-0.084
1730017551750170192,16.952691204089653,-4.148859536247527,-0.095
1730017551875170194,17.100752308882388,-4.142962720675836,-0.105
1730017552000170197,17.236751744880593,-4.12959850140782,-0.114
1730017552125170199,17.368177114937534,-4.129662750137746,-0.111
1730017552250170202,17.507920352075004,-4.126746461340478,-0.12
1730017552375170204,17.639345721103915,-4.126810705977819,-0.112
1730017552500170207,17.779088959529656,-4.123894412706316,-0.102
1730017552625170209,17.9225760023647,-4.131426053141755,-0.101
1730017552750170212,18.063149507474993,-4.104633346712842,-0.111
1730017552875170215,18.19083107645183,-4.094249645509697,-0.117
1730017553000170217,18.330574318964334,-4.091333342199034,-0.119
1730017553125170220,18.462829955740546,-4.067521165811852,-0.114
1730017553250170222,18.607147263162265,-4.0511763859162215,-0.113
1730017553375170225,18.731085030808106,-4.030344740849061,-0.118
1730017553500170227,18.875402340423356,-4.013999954645456,-0.113
1730017553625170230,19.011401779787676,-4.000635704675165,-0.119
1730017553750170233,19.151145021892706,-3.997719386565689,-0.114
1730017553875170235,19.278826592951848,-3.9873356681140386,-0.121
1730017554000170238,19.42231364205295,-3.9948672812354724,-0.107
1730017554125170240,19.549995214171712,-3.984483559392464,-0.119
1730017554250170243,19.668528656248274,-4.00095678032497,-0.108
1730017554375170245,19.79995403290179,-4.001020989154377,-0.099
1730017554500170248,19.943441082156358,-4.008552591747996,-0.104
1730017554625170250,20.070292395349057,-4.022045268623416,-0.092
1730017554750170253,20.180507974500376,-4.041499020025806,-0.081
1730017554875170255,20.278661876955415,-4.053485374229163,-0.082
1730017555000170258,20.364754110027395,-4.058004332443579,-0.091
1730017555125170261,20.442528473902286,-4.0655038260070535,-0.079
1730017555250170263,20.475799948212423,-4.053581671116797,-0.069
1730017555375170266,20.37598552287587,-4.089348136214239,-0.078
1730017555500170269,20.27325755309211,-4.090790257025844,-0.074
1730017555625170271,20.224180601248925,-4.084797079153094,-0.074
1730017555750170274,20.265769944965673,-4.069894388341329,-0.074
1730017555875170276,20.310272833802212,-4.089316036570098,-0.075
1730017556000170279,20.38430339130605,-4.086367597175972,-0.076
1730017556125170281,20.446272278605193,-4.0759517616036245,-0.08
1730017556250170284,20.511984967665487,-4.075983859251089,-0.078
1730017556375170286,20.57769765956434,-4.076015957323659,-0.071
1730017556500170289,20.65547202202463,-4.0835154494256996,-0.069
1730017556625170292,20.72118471400354,-4.083547545465908,-0.066
1730017556750170294,20.81185101159507,-4.074638023272757,-0.077
1730017556875170298,20.877563701743895,-4.074670119005775,-0.091
1730017557000170301,20.984035480839577,-4.083675924558334,-0.082
1730017557125170304,21.066383908328756,-4.077746939547982,-0.072
1730017557250170307,21.112547316983186,-4.049415769143061,-0.085
1730017557375170310,21.23274128364946,-4.018136149183896,-0.075
1730017557500170312,21.4668946400561,-4.016758198003926,-0.113
1730017557625170315,21.499335856729328,-4.0287124463280595,-0.101
1730017557750170317,21.53552088158101,-4.051114628418068,-0.068
1730017557875170320,21.56047448673231,-4.04217300785602,-0.072
1730017558000170323,21.58168428694628,-4.022783455287377,-0.068
1730017558125170325,21.593745960948585,-4.030250848516348,-0.077
1730017558250170328,21.610381698220863,-4.02428976927623,-0.096
1730017558375170331,21.614955760994842,-4.010861295508647,-0.105
1730017558500170333,21.62327362937342,-4.007880755494554,-0.12
1730017558625170336,21.647396978135156,-4.022815543654365,-0.136
1730017558750170339,21.659458654785613,-4.0302829373704645,-0.148
1730017558875170341,21.67983819784932,-4.0347697918124705,-0.167
1730017559000170344,21.684412260362176,-4.02134131764151,-0.188
1730017559125170346,21.70770535282776,-4.0601525144875,-0.179
1730017559250170349,21.70770535282776,-4.0601525144875,-0.179
1730017559375170352,21.661541947588386,-4.0884836890687595,-0.15
1730017559500170354,21.616208796444976,-4.092938454808721,-0.14
1730017559625170357,21.586681128052607,-4.115308549316769,-0.138
1730017559750170359,21.540517720145964,-4.143639723921322,-0.145
1730017559875170362,21.502672181931505,-4.16899035550512,-0.111
1730017560000170364,21.445277356898327,-4.165977727470003,-0.111
1730017560125170367,21.394539887122956,-4.207737374008402,-0.112
1730017560250170370,21.34463267251917,-4.225620612279474,-0.133
1730017560375170372,21.290151396710367,-4.256932324221946,-0.13
1730017560500170375,21.22360844396107,-4.280776640568033,-0.143
1730017560625170378,21.160809296848853,-4.31506889215386,-0.127
1730017560750170380,21.069312737392206,-4.347854826669759,-0.144
1730017560875170383,21.006513591055786,-4.382147074961936,-0.15
1730017561000170385,20.935396573728678,-4.41941986427667,-0.134
1730017561125170388,20.843900012992655,-4.452205796283944,-0.142
1730017561250170390,20.756977515600457,-4.471563251811775,-0.146
1730017561375170393,20.67296856364479,-4.5252450522537835,-0.141
1730017561500170396,20.58978987262722,-4.555050440748555,-0.145
1730017561625170398,20.49829330772881,-4.587836368864953,-0.149
1730017561750170401,20.394735071069654,-4.613154898410894,-0.148
1730017561875170404,20.29866444292039,-4.659369298485956,-0.147
1730017562000170406,20.198850010110036,-4.695135761952936,-0.133
1730017562125170409,20.103609641297425,-4.7174737486906935,-0.142
1730017562250170411,20.015856882489377,-4.760707605386644,-0.144
1730017562375170414,19.900236969159753,-4.778558732756715,-0.108
1730017562500170417,19.79667873077282,-4.803877254976922,-0.107
1730017562625170419,19.67648475336093,-4.835156852129041,-0.113
1730017562750170422,19.568352447947778,-4.873903844270981,-0.117
1730017562875170425,19.460220142534627,-4.9126508364129196,-0.121
1730017563000170427,19.35208783586479,-4.951397825545149,-0.109
1730017563125170430,19.243955528956523,-4.990144813772917,-0.104
1730017563250170433,19.156202763099056,-5.033378660701305,-0.114
1730017563375170435,19.031434715696058,-5.078086721414386,-0.12
1730017563500170438,18.927046208731763,-5.127281640066354,-0.132
1730017563625170441,18.830975571477023,-5.173496022188681,-0.129
1730017563750170443,18.71826919346999,-5.225671476402285,-0.125
1730017563875170446,18.597244942119485,-5.280827466039402,-0.114
1730017564000170448,18.488282363125826,-5.343450851043376,-0.108
1730017564125170451,18.37557598157785,-5.39562629963007,-0.106
1730017564250170454,18.262869599652635,-5.447801748350157,-0.109
1730017564375170456,18.14184534398494,-5.50295773116892,-0.098
1730017564500170459,18.02082108909661,-5.558113710703374,-0.064
1730017564625170462,17.896053032423993,-5.602821753034004,-0.068
1730017564750170464,17.775859042641915,-5.6341013220049945,-0.065
1730017564875170467,17.65483478493728,-5.6892572961281624,-0.071
1730017565000170470,17.550446267353706,-5.73845219790875,-0.062
1730017565125170472,17.44605774891603,-5.787647098013808,-0.057
1730017565250170475,17.341669229370254,-5.8368419960586415,-0.053
1730017565375170478,17.20400922668956,-5.897959035419047,-0.054
1730017565500170480,17.09130283465397,-5.950134466077829,-0.051
1730017565625170482,16.978596439358128,-6.002309895487751,-0.049
1730017565750170485,16.853828374894082,-6.0470179213440804,-0.043
1730017565875170488,16.744865779088478,-6.109641283353295,-0.035
1730017566000170490,16.632159382993258,-6.161816707587757,-0.017
1730017566125170493,16.51113511279744,-6.216972665543863,-0.005
1730017566250170495,16.378879447328444,-6.240784810532492,-0.009
1730017566375170498,16.25785517724829,-6.295940763466732,-0.000999999999998
1730017566500170500,16.136830906220617,-6.351096714761126,-0.009
1730017566625170503,16.00831903508436,-6.385356790336939,-0.003
1730017566750170506,15.879807166537512,-6.419616865405372,-0.012
1730017566875170508,15.751295296966207,-6.453876936390561,-0.008
1730017567000170511,15.634845093840662,-6.495604409967472,-0.004
1730017567125170514,15.498015351312011,-6.532845009259927,-0.006
1730017567250170516,15.373247277761164,-6.577553012168,0.0
1730017567375170519,15.240991608437161,-6.601365136695228,0.005
1730017567500170521,15.104161863031267,-6.6386057320983305,0.022
1730017567625170524,14.97481971268278,-6.6967421986838,0.026
1730017567750170527,14.842564040262221,-6.72055431790679,0.035
1730017567875170529,14.697416423425686,-6.760775438047386,0.063
1730017568000170532,14.560586677042473,-6.7980160213635346,0.066
1730017568125170535,14.432074800552526,-6.832276072554432,0.067
1730017568250170537,14.299819128849505,-6.856088181044853,0.026
1730017568375170540,14.13803576620104,-6.902270355266536,0.033
1730017568500170542,13.992888143767496,-6.942491461595054,0.006
1730017568625170545,13.864376267501742,-6.976751502723539,0.015
1730017568750170547,13.747926057811208,-7.018478947903659,0.003
1730017568875170550,13.619414180095724,-7.0527389841158055,-0.01
1730017569000170553,13.498389889993199,-7.1078948958418655,-0.024
1730017569125170555,13.365303934162897,-7.155583398728731,-0.014
1730017569250170558,13.215582230700802,-7.209232961861925,-0.006
1730017569375170560,13.090814144782444,-7.253940927628017,-0.002
1730017569500170563,12.981851518999338,-7.316564237780323,-0.006
1730017569625170566,12.852509350916757,-7.374700670269249,0.000999999999998
1730017569750170568,12.723167184183831,-7.4328371012471015,0.003
1730017569875170571,12.59008122219245,-7.480525590526646,-0.008
1730017570000170573,12.494010542973466,-7.526739894455542,-0.026
1730017570125170576,12.372155957732923,-7.605772197815115,-0.04
1730017570250170579,12.251961944725165,-7.637051682441253,-0.054
1730017570375170581,12.118875978664365,-7.684740163309144,-0.074
1730017570500170584,11.975811565402285,-7.783161988474804,-0.072
1730017570625170587,11.842725594969126,-7.830850466527558,-0.092
1730017570750170589,11.730019163443965,-7.883025819053886,-0.098
1730017570875170592,11.593189401138057,-7.920266353622662,-0.097
1730017571000170594,11.492544631906938,-7.979909115807368,-0.07
1730017571125170597,11.34282291338159,-8.033558642335871,-0.092
1730017571250170600,11.230116478557923,-8.085733989645806,-0.081
1730017571375170602,11.055441135620919,-8.148325098223715,-0.056
1730017571500170605,10.93067303362283,-8.193033030749291,-0.052
1730017571625170607,10.780951308483557,-8.24668254733318,-0.058
1730017571750170610,10.671988660654945,-8.30930582653445,-0.055
1730017571875170612,10.538902682153672,-8.356994280746713,-0.05
1730017572000170615,10.404986409432526,-8.428559143176614,-0.064
1730017572125170617,10.267326346053046,-8.489676061658654,-0.055
1730017572250170620,10.158363693394774,-8.552299335222155,-0.042
1730017572375170622,10.068950281636786,-8.643285898907646,-0.025
1730017572500170625,9.947925961513617,-8.698441756309787,-0.008
1730017572625170628,9.83438922070353,-8.77449349339172,-0.000999999999998
1730017572750170630,9.701303234213777,-8.822181934705391,0.023
1730017572875170633,9.580278907901507,-8.877337785993495,0.018
1730017573000170635,9.459254583218701,-8.932493636166768,0.042
1730017573125170638,9.382733122830922,-9.007071198280089,0.055
1730017573250170640,9.327421496408203,-9.062259236295635,0.054
1730017573375170643,9.23218108704596,-9.084597092970602,0.054
1730017573500170645,9.153576427218978,-9.100973897128874,0.074
1730017573625170648,9.076632357961648,-9.069597879049923,0.094
1730017573750170650,9.0292160003167,-9.015851813753935,0.111
1730017573875170653,8.953102231767275,-8.960599388468811,0.077
1730017574000170656,8.893624210010218,-8.89938590923122,0.061
1730017574125170658,8.834146190968028,-8.838172428945914,0.069
1730017574250170661,8.7626065070864,-8.76949153348746,0.094
1730017574375170663,8.685662445619606,-8.738115515430032,0.117
1730017574500170666,8.605804889065773,-8.672415144177078,0.108
1730017574625170668,8.530521421620612,-8.593286306053583,0.095
1730017574750170671,8.46646931857745,-8.545501290709211,0.1
1730017574875170673,8.39867342990801,-8.487268333969428,0.1
1730017575000170676,8.343769500446463,-8.412626382640447,0.113
1730017575125170679,8.27680390750135,-8.330517016605246,0.134
1730017575250170681,8.206094529422858,-8.237959709007763,0.111
1730017575375170684,8.142872728592055,-8.166298282885244,0.13
1730017575500170686,8.060101688233752,-8.066273559136905,0.122
1730017575625170689,7.981074439323371,-7.976696775041965,0.14
1730017575750170691,7.91493914929882,-7.8707109974763885,0.14
1730017575875170694,7.8479735616353326,-7.7886016294344405,0.142
1730017576000170696,7.777264188550197,-7.696044318430966,0.153
1730017576125170699,7.689919070329299,-7.609448056272612,0.146
1730017576250170701,7.635845442585002,-7.510929694354603,0.158
1730017576375170704,7.55307441145585,-7.410904965089885,0.143
1730017576500170707,7.478621252247998,-7.307899711895789,0.138
1730017576625170710,7.3995940108803735,-7.2183229219330975,0.115
1730017576750170712,7.3168229830626315,-7.118298190407964,0.125
1730017576875170715,7.234051954657688,-7.018273460091962,0.128
1730017577000170717,7.17997833348461,-6.919755095171496,0.133
1730017577125170720,7.109268966644619,-6.827197780283875,0.111
1730017577250170723,7.034815816487985,-6.724192519650293,0.124
1730017577375170725,6.980742195375851,-6.625674155702084,0.119
1730017577500170728,6.906289045000791,-6.522668895141232,0.135
1730017577625170730,6.840153767914928,-6.416683112130279,0.151
1730017577750170733,6.778592573136982,-6.297268862352309,0.138
1730017577875170736,6.7087135101899715,-6.180835137050826,0.156
1730017578000170738,6.64257823416461,-6.074849349641936,0.156
1730017578125170741,6.5726991704093205,-5.958415623653657,0.158
1730017578250170743,6.502820109857794,-5.841981896944742,0.162
1730017578375170746,6.436684836391615,-5.735996109061429,0.161
1730017578500170749,6.366805777474885,-5.619562381728063,0.158
1730017578625170751,6.288608848099489,-5.506109175763604,0.151
1730017578750170754,6.214155704846809,-5.403103911989764,0.149
1730017578875170757,6.144276648084001,-5.286670181831876,0.151
1730017579000170759,6.078141379970176,-5.180684394901413,0.148
1730017579125170762,6.004518537407157,-5.053802720931058,0.149
1730017579250170764,5.926321610792011,-4.9403495129167165,0.137
1730017579375170767,5.868504214524311,-4.831383200094519,0.136
1730017579500170770,5.79862516190388,-4.7149494678619295,0.135
1730017579625170772,5.728746109807467,-4.598515734422937,0.132
1730017579750170775,5.64680540078271,-4.474614584298321,0.129
1730017579875170777,5.585244220345149,-4.355200328036442,0.13
1730017580000170780,5.50704729949427,-4.241747117317174,0.137
1730017580125170783,5.445486122144357,-4.122332858377233,0.12
1730017580250170785,5.3718632857744435,-3.9954511825443886,0.131
1730017580375170788,5.310302108227033,-3.876036925189249,0.121
1730017580500170790,5.163056443427203,-3.6222735684996055,-0.067
1730017580625170793,5.093177396762765,-3.505839831990197,-0.059
1730017580750170795,5.039934090029443,-3.383445050133072,-0.062
1730017580875170798,4.978372915239156,-3.2640307902154184,-0.067
1730017581000170801,4.908493873316122,-3.147597053395711,-0.065
1730017581125170803,4.851506781883129,-3.0147543297945836,-0.058
1730017581250170806,4.789945608768657,-2.8953400687433235,-0.056
1730017581375170808,4.724640647959838,-2.7654778665995368,-0.063
1730017581500170811,4.671397344053399,-2.6430830841560997,-0.055
1730017581625170814,4.609836172353258,-2.5236688215669227,-0.059
1730017581750170816,4.544531215458754,-2.3938066179283943,-0.051
1730017581875170819,4.4829700452871295,-2.2743923557536827,-0.058
1730017582000170821,4.417665087799863,-2.144530153337753,-0.052
1730017582125170824,4.35236013464563,-2.0146679472724287,-0.062
1730017582250170826,4.290798964147189,-1.8952536852229813,-0.063
1730017582375170829,4.217176143867768,-1.7683720022473635,-0.061
1730017582500170832,4.151040895781379,-1.6623862006853183,-0.077
1730017582625170834,4.085735941436657,-1.5325239960713377,-0.081
1730017582750170837,4.015856909564489,-1.416090253420307,-0.075
1730017582875170839,3.9422340922796555,-1.2892085678032443,-0.074
1730017583000170842,3.892734579698898,-1.1772617230677582,-0.064
1730017583125170844,3.81911176431889,-1.050380037729342,-0.071
1730017583250170847,3.7454889493641503,-0.923498350729826,-0.073
1730017583375170850,3.671866133045962,-0.7966166637479928,-0.067
1730017583500170852,3.6103049713482798,-0.677202397330634,-0.057
1730017583625170855,3.5570616759188503,-0.5548076106525834,-0.058
1730017583750170857,3.5038183805961878,-0.4324128234413349,-0.052
1730017583875170860,3.450575085596918,-0.31001803609585377,-0.063
1730017584000170862,3.3965014972883636,-0.2114996531304536,-0.048
1730017584125170865,3.3341100423405767,-0.11596179158439579,-0.04
1730017584250170867,3.329113353605753,-0.02343669119573466,-0.039
1730017584375170870,3.3482399630037816,0.05415356530888982,-0.053
1730017584500170873,3.3840023039721117,0.13770486147341554,-0.042
1730017584625170875,3.45677988578464,0.22273029805968658,-0.041
1730017584750170877,3.5333012570877873,0.29730779274625707,-0.023
1730017584875170880,3.6227145651098045,0.38829427094828795,-0.015
1730017585000170882,3.6676250564273922,0.4987024947263645,-0.007
1730017585125170885,3.7154490412172234,0.5747863711898544,0.003
1730017585250170887,3.7603595293203855,0.6851945952280527,0.004
1730017585375170890,3.8210754512076455,0.7776874543560677,0.013
1730017585500170892,3.8863654520629454,0.8836087799708849,0.013
1730017585625170895,3.9312759328751326,0.9940170027227708,0.015
1730017585750170897,3.991991851081322,1.086509864929976,0.026
1730017585875170900,4.048963980945039,1.1894506684692026,0.01
1730017586000170902,4.105936108674399,1.2923914726918166,0.012
1730017586125170905,4.171226098100352,1.3983127979337606,0.017
1730017586250170907,4.231942009327409,1.490805661457257,0.02
1730017586375170910,4.260216752688037,1.5952528427951638,-0.022
1730017586500170912,4.300553146959192,1.6922326056305028,-0.026
1730017586625170915,4.353781478537303,1.8056213517028166,-0.028
1730017586750170917,4.410753595360009,1.9085621577432867,-0.037
1730017586875170920,4.47229978350211,2.0249314248761827,-0.027
1730017587000170922,4.5338459729316,2.141300695476734,-0.031
1730017587125170925,4.587074293430896,2.2546894428087265,-0.03
1730017587250170927,4.656938338774029,2.3740392342107386,-0.034
1730017587375170930,4.710166657363167,2.4874279823117567,-0.037
1730017587500170932,4.788348560133735,2.6097582955965812,-0.125
1730017587625170935,4.8453206626071506,2.712699103135442,-0.132
1730017587750170938,4.898548974165117,2.826087853025289,-0.124
1730017587875170940,4.960095146313349,2.9424571230194614,-0.094
1730017588000170943,5.00500559003767,3.052865350048899,-0.097
1730017588125170945,5.0665517595648915,3.1692346220285197,-0.106
1730017588250170948,5.112292482192715,3.3035192544117304,-0.112
1730017588375170950,5.173838644751031,3.4198885262235983,-0.119
1730017588500170953,5.219579365375722,3.554173157349245,-0.106
1730017588625170955,5.293187173318288,3.6630750115342545,-0.113
1730017588750170958,5.347245749567025,3.80034016584494,-0.114
1730017588875170960,5.417109762606562,3.919689962367144,-0.118
1730017589000170963,5.478655912935712,4.036059235984116,-0.114
1730017589125170966,5.544776131639858,4.165856972544734,-0.117
1730017589250170968,5.594260626378291,4.289693665370752,-0.133
1730017589375170971,5.655806769897341,4.4060629388806305,-0.136
1730017589500170973,5.713609120095238,4.532880154818114,-0.129
1730017589625170976,5.78804718759954,4.665658415950066,-0.139
1730017589750170978,5.845019253844965,4.768599228598049,-0.13
1730017589875170981,5.9065653875499,4.884968503839984,-0.125
1730017590000170984,5.972685587430524,5.014766243187262,-0.135
1730017590125170986,6.042549575385393,5.134116042577311,-0.142
1730017590250170989,6.100351908520898,5.2609332584844335,-0.139
1730017590375170991,6.178533752577123,5.38326358224808,-0.148
1730017590500170994,6.240079871941229,5.499632857985397,-0.143
1730017590625170997,6.31826171015845,5.621963184003956,-0.149
1730017590750170999,6.3798078241653124,5.738332461687792,-0.151
1730017590875171002,6.454245865591158,5.871110727812882,-0.146
1730017591000171004,6.524109835040563,5.990460530614202,-0.146
1730017591125171007,6.614353310738518,6.105323440472224,-0.154
1730017591250171009,6.68421727550284,6.224673242479497,-0.159
1730017591375171012,6.745763379518535,6.341042522330881,-0.161
1730017591500171014,6.823945196397993,6.463372851160555,-0.167
1730017591625171017,6.897552945061263,6.572274717107247,-0.175
1730017591750171020,6.980308822483368,6.708033507890583,-0.164
1730017591875171022,7.05391656622757,6.816935374944922,-0.176
1730017592000171025,7.135842165263531,6.928817765549788,-0.183
1730017592125171027,7.205706111875169,7.048167571081674,-0.178
1730017592250171030,7.275570055171383,7.167517378847588,-0.175
1730017592375171032,7.353751855295845,7.289847711746464,-0.184
1730017592500171035,7.435677443195172,7.401730106564829,-0.193
1730017592625171037,7.513859234132293,7.524060437453029,-0.2
1730017592750171040,7.592041025442637,7.64639077296906,-0.207
1730017592875171042,7.669392543776125,7.744844703393365,-0.212
1730017593000171045,7.759635978242945,7.859707624424434,-0.196
1730017593125171048,7.829499903718326,7.979057434846185,-0.225
1730017593250171050,7.903937888031712,8.11183571056332,-0.211
1730017593375171053,7.982949931270746,8.258042449104412,-0.244
1730017593500171055,8.051983580933841,8.353515859335305,-0.23
1730017593625171058,8.121847495465643,8.472865672063927,-0.218
1730017593750171060,8.203773058044078,8.584748070676849,-0.219
1730017593875171063,8.286528885172274,8.720506875144698,-0.205
1730017594000171065,8.360966849367648,8.853285153646446,-0.199
1730017594125171067,8.439148609922915,8.97561549485275,-0.193
1730017594250171070,8.51899089448825,9.145698640354766,-0.193
1730017594375171073,8.559327165977491,9.242678414117245,-0.203
1730017594500171075,8.65248410067372,9.323217002371939,-0.199
1730017594625171078,8.712369613109074,9.391833487517882,-0.202
1730017594750171080,8.751045353465424,9.44106045825676,-0.197
1730017594875171083,8.83048010602169,9.481313654984792,-0.193
1730017595000171086,8.867495320551232,9.482787819738475,-0.192
1730017595125171088,8.873729904411336,9.543969089202312,-0.197
1730017595250171091,8.864159043517507,9.6230657104263,-0.197
1730017595375171093,8.822147025096278,9.714116629992077,-0.195
1730017595500171096,8.815489695606434,9.758888909409222,-0.185
1730017595625171098,8.812576159718436,9.793213249503287,-0.191
1730017595750171101,8.825468074473203,9.809622240075885,-0.179
1730017595875171104,8.825468074473203,9.809622240075885,-0.169
1730017596000171106,8.834616190948143,9.836479168206093,-0.181
1730017596125171109,8.831702656693617,9.870803509908939,-0.186
1730017596250171111,8.811323152611907,9.875290395694211,-0.185
1730017596375171114,8.791773910221362,9.90365368528978,-0.163
1730017596500171116,8.779712260252586,9.911121097151202,-0.151
1730017596625171119,8.7472711056772,9.923075397573307,-0.148
1730017596750171121,8.69819424057163,9.929068645990565,-0.149
1730017596875171124,8.661179028167984,9.927594481556508,-0.144
1730017597000171127,8.627077346854314,9.891795976137665,-0.122
1730017597125171129,8.589231871647842,9.866445409962877,-0.126
1730017597250171132,8.53100689032846,9.845581729846554,-0.111
1730017597375171134,8.549725868646952,9.793342037629367,-0.108
1730017597500171137,8.518537721003247,9.723219192318286,-0.099
1730017597625171139,8.463226270524702,9.668031172149668,-0.093
1730017597750171142,8.424550528141642,9.61880420363395,-0.103
1730017597875171145,8.377556932819173,9.566596710453764,-0.11
1730017598000171147,8.346368782247067,9.496473865522763,-0.06
1730017598125171149,8.295631388457933,9.454714309828821,-0.068
1730017598250171152,8.248637789175907,9.402506816645541,-0.064
1730017598375171155,8.19707013129387,9.33687086174752,-0.062
1730017598500171157,8.133440821622749,9.278702317030776,-0.029
1730017598625171160,8.073555304879987,9.21008583671585,-0.041
1730017598750171163,8.030305497679798,9.147430405106142,-0.069
1730017598875171165,7.97582430719848,9.116118792061513,-0.039
1730017599000171168,7.910534462200041,9.010197445213201,-0.064
1730017599125171171,7.825695376045522,8.932639390894069,-0.112
1730017599250171173,7.757491998956708,8.861042387089075,-0.093
1730017599375171175,7.689288620933722,8.789445382927251,-0.116
1730017599500171178,7.621085241570424,8.71784837975212,-0.105
1730017599625171180,7.556625656498488,8.635803440493197,-0.089
1730017599750171183,7.463468707620231,8.555264865265514,-0.052
1730017599875171186,7.390691262215595,8.470239400519844,-0.078
1730017600000171188,7.314170019671257,8.39566187427041,-0.085
1730017600125171191,7.23764877947525,8.321084351401467,-0.079
1730017600250171193,7.164871329283213,8.236058888819981,-0.07
1730017600375171196,7.031785630708078,8.188370504141005,-0.129
1730017600500171199,6.942372463547703,8.097383993518283,-0.171
1730017600625171201,6.837153853826929,8.024312840963685,-0.17
1730017600750171204,6.74774068411494,7.933326335339531,-0.162
1730017600875171207,6.650839927991061,7.863235707689842,-0.166
1730017601000171209,6.565170547245674,7.761801263947973,-0.155
1730017601125171212,6.500710942065072,7.679756329971427,-0.163
1730017601250171214,6.378856610423971,7.600724136454591,-0.141
1730017601375171217,6.309822935133499,7.505250740348972,-0.113
1730017601500171219,6.228727611470318,7.417244761734931,-0.123
1730017601625171222,6.155119868836445,7.3083429060663185,-0.124
1730017601750171225,6.065706686708897,7.217356405173385,-0.124
1730017601875171227,5.9800372912547815,7.115921966785461,-0.111
1730017602000171230,5.898941959770832,7.027915990654183,-0.11
1730017602125171233,5.8215904172690385,6.929462076924956,-0.111
1730017602250171235,5.740495081735682,6.841456103239757,-0.11
1730017602375171238,5.651081884631626,6.750469607084659,-0.098
1730017602500171240,5.565412479195685,6.649035170867849,-0.092
1730017602625171243,5.4510457062470055,6.549107110711615,-0.086
1730017602750171245,5.3782682208163095,6.46408166258769,-0.074
1730017602875171248,5.275963091945363,6.356686185814903,-0.069
1730017603000171251,5.1948677444395175,6.268680217522583,-0.059
1730017603125171253,5.100880466782894,6.164265264241502,-0.06
1730017603250171256,4.994831540601889,6.067317730866852,-0.052
1730017603375171259,4.901674538799367,5.9867791837765285,-0.054
1730017603500171261,4.803943466163216,5.892812175779326,-0.052
1730017603625171264,4.709956180944265,5.788397228087746,-0.049
1730017603750171266,4.620542961438371,5.697410740331941,-0.05
1730017603875171269,4.514494023228381,5.600463214319664,-0.051
1730017604000171272,4.449204099406484,5.49454189270603,-0.053
1730017604125171274,4.343155154709787,5.397594366720892,-0.057
1730017604250171277,4.237106209559353,5.300646843549048,-0.046
1730017604375171279,4.135631332331063,5.217127784646529,-0.043
1730017604500171282,4.041644028935852,5.112712841466095,-0.056
1730017604625171285,3.939338865139414,5.005317380769144,-0.058
1730017604750171287,3.8378639822918728,4.921798323209941,-0.062
1730017604875171290,3.7401328843939976,4.827831328492849,-0.054
1730017605000171292,3.6507196452549735,4.736844852677406,-0.061
1730017605125171295,3.544670683704081,4.639897338195455,-0.064
1730017605250171298,3.4431957929160917,4.556378285085783,-0.062
1730017605375171300,3.345464684536389,4.4624112933443545,-0.068
1730017605500171303,3.2439897891006826,4.378892244443293,-0.058
1730017605625171306,3.134197031584931,4.292392676367507,-0.066
1730017605750171308,3.019830196701255,4.1924646463875614,-0.06
1730017605875171311,2.9100374345333355,4.105965081523152,-0.057
1730017606000171313,2.8123063172176326,4.011998096837587,-0.065
1730017606125171316,2.7108314116590893,3.9284790540359253,-0.067
1730017606250171319,2.597294857464499,3.8524274340953593,-0.058
1730017606375171321,2.4829280099317157,3.7524994137458147,-0.053
1730017606500171324,2.381453098575986,3.6689803742105767,-0.053
1730017606625171326,2.2837219717682333,3.5750133923756264,-0.055
1730017606750171329,2.1814167639087976,3.4676179527316284,-0.054
1730017606875171332,2.0957472807063655,3.3661835520978975,-0.052
1730017607000171334,1.9896982824595066,3.2692360565052363,-0.049
1730017607125171337,1.8957109307926392,3.164821138754073,-0.046
1730017607250171339,1.7896619298077798,3.067873646097711,-0.05
1730017607375171342,1.7002486503744714,2.9768871907729952,-0.045
1730017607500171345,1.5941996446249012,2.879939700781901,-0.038
1730017607625171347,1.4964684970034,2.7859727279528546,-0.043
1730017607750171350,1.4024811330842302,2.6815578159908107,-0.042
1730017607875171352,1.308493766862552,2.577142904647922,-0.036
1730017608000171355,1.206188535950926,2.4697474756382896,-0.033
1730017608125171357,1.1130314591185853,2.3892089696616488,-0.039
1730017608250171360,1.0227878677441926,2.274346116809598,-0.033
1730017608375171363,0.9001031201782776,2.171437598681038,-0.03
1730017608500171365,0.8144336039751865,2.0700032103731143,-0.037
1730017608625171368,0.7167024372067652,1.976036247679077,-0.027
1730017608750171370,0.6143971910432697,1.8686408248007549,-0.031
1730017608875171373,0.5204098045532284,1.7642259226613906,-0.03
1730017609000171375,0.4060429063332965,1.6642979298050724,-0.037
1730017609125171378,0.3045679498545027,1.5807789149107192,-0.034
1730017609250171381,0.2122411527019013,1.5241168230731779,-0.026
1730017609375171383,0.11991435456753857,1.4674547323485818,-0.009
1730017609500171386,0.023013472073651287,1.397364181545182,0.003
1730017609625171388,-0.07597059213735652,1.3854743864956909,0.006
1730017609750171391,-0.15748863158801235,1.403422027979464,-0.006
1730017609875171394,-0.24192015334758427,1.4556940185477432,-0.000999999999998
1730017610000171396,-0.32635167401774606,1.5079660095428533,0.02
1730017610125171399,-0.43116270067843016,1.5647249144967939,-0.008
1730017610250171401,-0.5201683004834223,1.6035684463918587,-0.003
1730017610375171404,-0.6445285358444603,1.6886906702204758,-0.011
1730017610500171406,-0.7447654765388487,1.7588780383611589,-0.025
1730017610625171408,-0.8450024182652758,1.8290654076062856,-0.028
1730017610750171411,-0.9406652744546824,1.9126812378831088,-0.03
1730017610875171413,-1.0454762952203192,1.9694401505803176,-0.031
1730017611000171416,-1.1457132326130819,2.0396275229687486,-0.039
1730017611125171418,-1.245950168262516,2.109814896033792,-0.038
1730017611250171421,-1.3378692380636321,2.182982787208049,-0.029
1730017611375171423,-1.4501678150074266,2.2606375924148665,-0.037
1730017611500171426,-1.5420868823276623,2.3338054865385356,-0.041
1730017611625171429,-1.6256880872511137,2.409953893963289,-0.038
1730017611750171431,-1.7342428789439426,2.4771607591299896,-0.03
1730017611875171434,-1.8170137790307308,2.5771855748455783,-0.027
1730017612000171436,-1.9006149806007873,2.6533339855530222,-0.031
1730017612125171439,-1.9750680154111873,2.756339315166511,-0.042
1730017612250171441,-2.0948541431096266,2.854890019450554,-0.031
1730017612375171444,-2.2108964881045794,2.942992780227214,-0.036
1730017612500171447,-2.264970014918795,3.0415111966479857,-0.04
1730017612625171449,-2.3394230457255665,3.14451653128049,-0.037
1730017612750171452,-2.4259377169356036,3.2549892954192403,-0.025
1730017612875171455,-2.4966469679895424,3.3475466869266466,-0.03
1730017613000171457,-2.571930296314798,3.4266756180761595,-0.021
1730017613125171460,-2.6334913825632453,3.5460899262659202,-0.028
1730017613250171462,-2.749533714963947,3.6341926953429997,-0.017
1730017613375171465,-2.810264495140263,3.7774834068040075,-0.026
1730017613500171468,-2.8847175204595543,3.880488743543296,-0.037
1730017613625171470,-2.9749759636739324,4.001409458252141,-0.059
1730017613750171473,-3.049428984972013,4.104414797512263,-0.065
1730017613875171476,-3.1313695670055077,4.228316026567111,-0.078
1730017614000171478,-3.2141404466094237,4.328340853093254,-0.085
1730017614125171481,-3.2840193841522187,4.444774652212081,-0.094
1730017614250171483,-3.3622161835431683,4.558227938731802,-0.095
1730017614375171486,-3.444987060057566,4.658252767936721,-0.096
1730017614500171489,-3.5398195774829744,4.76574503042538,-0.105
1730017614625171491,-3.6225904512791263,4.865769860668603,-0.106
1730017614750171494,-3.697043464158457,4.968775204643135,-0.115
1730017614875171496,-3.7964500579026628,5.062839011623007,-0.117
1730017615000171499,-3.8875387899404283,5.159883331083625,-0.12
1730017615125171502,-3.9906891575526293,5.264395086005582,-0.126
1730017615250171504,-4.069716248728134,5.353971976220917,-0.128
1730017615375171507,-4.172866612878117,5.45848373235831,-0.123
1730017615500171510,-4.2676991184582205,5.565976001844362,-0.115
1730017615625171512,-4.367105700405589,5.660039814807579,-0.114
1730017615750171515,-4.4748301418194085,5.751123116113558,-0.11
1730017615875171517,-4.565918862037328,5.848167444595738,-0.112
1730017616000171520,-4.668238918484422,5.976555608705771,-0.109
1730017616125171523,-4.747266000514926,6.0661325043411125,-0.105
1730017616250171525,-4.850416353227421,6.1706442683798866,-0.109
1730017616375171528,-4.945248845673803,6.278136544916588,-0.102
1730017616500171531,-5.0363375608058725,6.375180877375328,-0.11
1730017616625171533,-5.132000352425494,6.45879675476394,-0.096
1730017616750171536,-5.2351507009011025,6.563308522883178,-0.099
1730017616875171538,-5.338301047563292,6.667820292123288,-0.097
1730017617000171541,-5.437707612725535,6.761884118563103,-0.098
1730017617125171544,-5.5371141779969015,6.855947944318951,-0.098
1730017617250171546,-5.63652073989308,6.9500117729697415,-0.098
1730017617375171549,-5.744245159879481,7.041095090917166,-0.104
1730017617500171552,-5.848225800680438,7.12173046496612,-0.108
1730017617625171554,-5.955950214857226,7.212813785667906,-0.106
1730017617750171557,-6.063674630287969,7.3038971093162175,-0.109
1730017617875171559,-6.171399043323709,7.3949804329159345,-0.112
1730017618000171562,-6.267061819926819,7.478596321071683,-0.114
1730017618125171564,-6.374786227615903,7.569679648105302,-0.123
1730017618250171567,-6.482510635499478,7.660762975171675,-0.127
1730017618375171570,-6.586491264737745,7.741398358240307,-0.136
1730017618500171572,-6.690471890450063,7.822033743512138,-0.145
1730017618625171575,-6.806514150202776,7.9101365657839935,-0.151
1730017618750171577,-6.910494774478318,7.990771952675107,-0.153
1730017618875171580,-7.014475397328109,8.071407341074243,-0.156
1730017619000171583,-7.122199792612827,8.162490676913801,-0.162
1730017619125171585,-7.238242045606165,8.250593506263542,-0.168
1730017619250171588,-7.354284293899707,8.33869633687325,-0.174
1730017619375171590,-7.462008686554079,8.429779678213507,-0.18
1730017619500171593,-7.565989300694365,8.510415072508584,-0.178
1730017619625171596,-7.673713687503442,8.601498416509786,-0.179
1730017619750171598,-7.789755931168438,8.689601253918688,-0.177
1730017619875171601,-7.881674908527244,8.762769214294662,-0.183
1730017620000171603,-7.9893992894297625,8.853852560123832,-0.183
1730017620125171606,-8.09254959170058,8.958364363876035,-0.194
1730017620250171609,-8.18821234061483,9.041980274490447,-0.19
1730017620375171611,-8.29593671950448,9.133063626119693,-0.196
1730017620500171614,-8.399917318255348,9.213699030682069,-0.197
1730017620625171616,-8.49100598274067,9.310743399400016,-0.198
1730017620750171619,-8.598730354725443,9.40182675612883,-0.201
1730017620875171621,-8.677757385650928,9.491403686806818,-0.195
1730017621000171624,-8.753040637688658,9.570532670582361,-0.191
1730017621125171627,-8.812518486203965,9.631746269324761,-0.19
1730017621250171629,-8.880314187079987,9.689979362121445,-0.176
1730017621375171632,-8.948940192375144,9.724336055157854,-0.184
1730017621500171634,-9.013822424268886,9.74824480080187,-0.19
1730017621625171637,-9.058325168670823,9.767666613881353,-0.186
1730017621750171639,-9.107401995601679,9.77365997397198,-0.187
1730017621875171642,-9.131525255110644,9.78859485456471,-0.204
1730017622000171645,-9.156478820167399,9.77965333507308,-0.207
1730017622125171647,-9.200981563991073,9.79907514890868,-0.227
1730017622250171649,-9.22136105056908,9.80356208171522,-0.232
1730017622375171652,-9.21304319593925,9.806542589062909,-0.215
1730017622500171654,-9.237996760827857,9.797601069635514,-0.223
1730017622625171657,-9.266694100149591,9.79910749635004,-0.266
1730017622750171660,-9.279586035240293,9.782698535840016,-0.238
1730017622875171662,-9.275842260710219,9.772250588771698,-0.196
1730017623000171665,-9.281246647005872,9.734945734987203,-0.154
1730017623125171667,-9.278333178596041,9.700621388044063,-0.152
1730017623250171670,-9.270845629066967,9.679725493016083,-0.128
1730017623375171672,-9.268762468658265,9.621524744088056,-0.16
1730017623500171675,-9.253787370731702,9.579732956490119,-0.159
1730017623625171677,-9.239642578395191,9.514064767293036,-0.161
1730017623750171680,-9.225497786630367,9.448396578948051,-0.148
1730017623875171682,-9.223414624612287,9.390195830206578,-0.145
1730017624000171685,-9.200951977636606,9.327508148360755,-0.139
1730017624125171688,-9.178489330583584,9.264820466116282,-0.149
1730017624250171690,-9.156026683739608,9.202132784755383,-0.144
1730017624375171693,-9.153943521688129,9.143932033992778,-0.156
1730017624500171695,-9.139798730974027,9.0782638467451,-0.16
1730017624625171698,-9.10527445350655,9.008108723653507,-0.165
1730017624750171700,-9.087385888064354,8.931992588342684,-0.167
1730017624875171703,-9.076984873772238,8.876772345942005,-0.165
1730017625000171706,-9.059096305838093,8.800656209656196,-0.163
1730017625125171708,-9.03372019160742,8.703644179462689,-0.17
1730017625250171711,-9.020405710265832,8.61409958863582,-0.162
1730017625375171713,-8.990455515224676,8.530516013772083,-0.154
1730017625500171716,-8.97256694986118,8.454399876397304,-0.155
1730017625625171718,-8.938872979810759,8.360368353042585,-0.156
1730017625750171721,-8.87565135624974,8.288706806358363,-0.137
1730017625875171724,-8.821577897599054,8.190188349470898,-0.135
1730017626000171726,-8.77124821339621,8.102117840753628,-0.138
1730017626125171729,-8.717174753907377,8.003599384614503,-0.128
1730017626250171731,-8.653953129570075,7.9319378376915655,-0.137
1730017626375171734,-8.608197524285044,7.8304388765084205,-0.111
1730017626500171736,-8.51710886044642,7.733394504439088,-0.113
1730017626625171739,-8.454717541214324,7.637856556637438,-0.103
1730017626750171741,-8.392326219573913,7.542318610826168,-0.098
1730017626875171744,-8.341996532108533,7.454248105281954,-0.089
1730017627000171746,-8.254651638998075,7.367651682910687,-0.086
1730017627125171749,-8.179368374286385,7.2885226990521215,-0.027
1730017627250171751,-8.11240296961738,7.20641321027426,-0.033
1730017627375171754,-8.041693788416412,7.113855773587051,-0.025
1730017627500171756,-7.958092663764844,7.037707301138376,-0.006
1730017627625171758,-7.879065622824139,6.9481303737507165,-0.034
1730017627750171761,-7.796294803552215,6.848105501281918,-0.018
1730017627875171764,-7.7164374532399185,6.78240497800833,-0.031
1730017628000171766,-7.6290925485892584,6.695808561436744,-0.012
1730017628125171769,-7.5463217283341715,6.595783691270334,0.016
1730017628250171772,-7.458976821169833,6.509187276301189,0.016
1730017628375171774,-7.3807800813916975,6.395733952538116,0.008
1730017628500171777,-7.298009256948002,6.2957090830082265,0.017
1730017628625171780,-7.190707398224505,6.310579297603754,-0.135
1730017628750171783,-7.107936571677565,6.210554431339332,-0.134
1730017628875171785,-7.0205916604447,6.12395801942292,-0.14
1730017629000171788,-6.929502971233636,6.026913666572405,-0.137
1730017629125171790,-6.8467321405287205,5.92688880136099,-0.131
1730017629250171793,-6.772279168370571,5.823883428911417,-0.132
1730017629375171796,-6.685764557167161,5.713410619446709,-0.121
1730017629500171798,-6.598419637929707,5.626814213478118,-0.11
1730017629625171801,-6.511905026346817,5.516341405121787,-0.093
1730017629750171803,-6.425390414276797,5.405868599413607,-0.083
1730017629875171806,-6.354681210802663,5.313311177335866,-0.096
1730017630000171808,-6.2727406792109575,5.189409915568421,-0.076
1730017630125171811,-6.194543922972314,5.075956601090164,-0.085
1730017630250171813,-6.1200909400213,4.972951234154808,-0.093
1730017630375171816,-6.050212041810257,4.856517410602807,-0.088
1730017630500171818,-5.975759059018052,4.753512043606788,-0.101
1730017630625171821,-5.90588015697952,4.637078221944984,-0.098
1730017630750171823,-5.827683395772939,4.5236249104348225,-0.087
1730017630875171826,-5.757804494052025,4.407191088651695,-0.092
1730017631000171828,-5.68792559136178,4.290757267217419,-0.1
1730017631125171831,-5.618046687906879,4.174323446107337,-0.096
1730017631250171834,-5.564803503447002,4.05192860507384,-0.103
1730017631375171836,-5.499498682736837,3.92206632798079,-0.088
1730017631500171839,-5.437937638489195,3.802651997774552,-0.084
1730017631625171841,-5.376376593472405,3.6832376673482834,-0.085
1730017631750171844,-5.306497684371111,3.566803848887396,-0.074
1730017631875171847,-5.232875000081335,3.439922085557945,-0.072
1730017632000171849,-5.171313953102349,3.3205077563843046,-0.077
1730017632125171852,-5.105178820501823,3.21452188378938,-0.074
1730017632250171854,-5.030725823227826,3.1115165238879303,-0.075
1730017632375171857,-4.9442111881875,3.0010437299832606,-0.068
1730017632500171859,-4.857696551848239,2.8905709370778725,-0.066
1730017632625171862,-4.779499776607708,2.777117633358297,-0.082
1730017632750171865,-4.6929851356443075,2.666644842219215,-0.08
1730017632875171867,-4.614788357788543,2.5531915389954722,-0.078
1730017633000171870,-4.523699629092822,2.4561472072324424,-0.077
1730017633125171872,-4.445502849676996,2.3426939070987984,-0.08
1730017633250171875,-4.358988203720238,2.23222111936571,-0.077
1730017633375171877,-4.289109284852423,2.11578730812512,-0.059
1730017633500171880,-4.1988508583641755,1.9948665745670473,-0.046
1730017633625171883,-4.128971937156045,1.8784327632248647,-0.039
1730017633750171885,-4.059093015134747,1.7619989526964108,-0.03
1730017633875171888,-3.9854703143155024,1.6351171961732174,-0.017
1730017634000171890,-3.9118476109504274,1.5082354421211273,-0.027
1730017634125171893,-3.850286550118149,1.3888211202301735,-0.036
1730017634250171895,-3.7804076253882006,1.2723873127274299,-0.039
1730017634375171898,-3.7067849207059447,1.1455055566842738,-0.003
1730017634500171900,-3.6460541669010147,1.002214834154521,-0.024
1730017634625171903,-3.563283286305276,0.9021899975380379,-0.038
1730017634750171906,-3.5062963087164136,0.769347219484338,-0.044
1730017634875171908,-3.4522228001427897,0.6708287911077289,-0.048
1730017635000171911,-3.3981492904699717,0.572310361170616,-0.057
1730017635125171913,-3.400640216356289,0.500681149411994,-0.066
1730017635250171916,-3.4085355402402735,0.391747073896787,-0.07
1730017635375171918,-3.460933655821868,0.3022347824336906,-0.069
1730017635500171921,-3.5050139103852405,0.21570300423751654,-0.069
1730017635625171923,-3.5619861178517596,0.11276225280771257,-0.072
1730017635750171926,-3.618958328211521,0.009821504244204249,-0.07
1730017635875171929,-3.6630385848527607,-0.07671027274388464,-0.075
1730017636000171931,-3.728328663662727,-0.18263153442653746,-0.076
1730017636125171934,-3.773239236669001,-0.2930397151277728,-0.073
1730017636250171936,-3.825637364905028,-0.3825520064468648,-0.067
1730017636375171939,-3.878865806784088,-0.49594070045007044,-0.065
1730017636500171942,-3.932094250736124,-0.6093293942388582,-0.065
1730017636625171944,-3.9724307397698913,-0.7063091155015391,-0.068
1730017636750171947,-4.021915410206931,-0.830145756307485,-0.076
1730017636875171949,-4.083461726425917,-0.9465149616867103,-0.07
1730017637000171952,-4.124628535301152,-1.0673710894998103,-0.069
1730017637125171955,-4.181600766286944,-1.17031183546205,-0.072
1730017637250171957,-4.222767579580362,-1.2911679619654701,-0.073
1730017637375171960,-4.284313901784249,-1.4075371676504096,-0.072
1730017637500171962,-4.34586022863497,-1.5239063731085452,-0.059
1730017637625171965,-4.395344915662868,-1.647743010275009,-0.053
1730017637750171968,-4.448573380447331,-1.76113170254761,-0.061
1730017637875171970,-4.481422336799075,-1.879007317330541,-0.06
1730017638000171973,-4.534650805839345,-1.9923960082421432,-0.057
1730017638125171975,-4.584135498421542,-2.116232647037795,-0.059
1730017638250171978,-4.646512155809536,-2.2564782551461775,-0.06
1730017638375171981,-4.691422763768877,-2.366886434244152,-0.063
1730017638500171983,-4.732589598544633,-2.4877425589872173,-0.064
1730017638625171986,-4.749633145807707,-2.623533555103534,-0.062
1730017638750171988,-4.811179496111424,-2.739902756556743,-0.066
1730017638875171991,-4.852346336156337,-2.860758883815615,-0.075
1730017639000171994,-4.906405140974131,-2.998023978875989,-0.088
1730017639125171996,-4.947571985494159,-3.1188801058531697,-0.096
1730017639250171999,-5.017436213567088,-3.2382298185043474,-0.109
1730017639375172001,-5.059433382472659,-3.382962349271699,-0.106
1730017639500172004,-5.123893198316064,-3.465007199217123,-0.109
1730017639625172006,-5.165890374021069,-3.6097397310723265,-0.097
1730017639750172009,-5.194995584672944,-3.738063290030593,-0.142
1730017639875172012,-5.280665242397826,-3.8394976192476786,-0.128
1730017640000172014,-5.346785710584856,-3.9692952786304794,-0.117
1730017640125172017,-5.400014216596882,-4.082683967221957,-0.158
1730017640250172019,-5.441181081018737,-4.203540092316779,-0.145
1730017640375172022,-5.503557783445264,-4.343785697696614,-0.16
1730017640500172025,-5.561360392631436,-4.470602844079954,-0.169
1730017640625172027,-5.619163004208643,-4.5974199908734885,-0.179
1730017640750172030,-5.681539715476426,-4.737665595134491,-0.169
1730017640875172033,-5.739342330216901,-4.864482740652825,-0.185
1730017641000172035,-5.793401178470463,-5.001747835359044,-0.184
1730017641125172038,-5.858691344722699,-5.107669085086667,-0.191
1730017641250172040,-5.921068067265912,-5.247914688666214,-0.19
1730017641375172043,-5.987188565683016,-5.377712344153554,-0.19
1730017641500172046,-6.041247422820974,-5.514977437768124,-0.185
1730017641625172048,-6.099050058069499,-5.6417945821430635,-0.202
1730017641750172051,-6.160596463403274,-5.758163778699243,-0.201
1730017641875172053,-6.247096487888171,-5.883474506452055,-0.201
1730017642000172056,-6.31696077207639,-6.002824213130641,-0.193
1730017642125172059,-6.386825059058575,-6.122173918884308,-0.195
1730017642250172061,-6.456689348936331,-6.241523623250888,-0.187
1730017642375172064,-6.538615284271909,-6.353405891582017,-0.187
1730017642500172066,-6.575208090788942,-6.460833554739505,-0.187
1730017642625172069,-6.670026004299253,-6.5891247890236215,-0.178
1730017642750172071,-6.747377846332015,-6.687578597344748,-0.178
1730017642875172074,-6.788544760057681,-6.808434717848808,-0.184
1730017643000172077,-6.895424328087311,-6.929258512580456,-0.176
1730017643125172079,-6.969032405435659,-7.038160268789579,-0.177
1730017643250172082,-7.059276232429585,-7.153023039673622,-0.167
1730017643375172084,-7.125396773873651,-7.282820690160035,-0.171
1730017643500172087,-7.195261089402369,-7.402170389867951,-0.162
1730017643625172090,-7.2771870507148,-7.514052651173915,-0.152
1730017643750172092,-7.343307601119508,-7.643850298603519,-0.143
1730017643875172095,-7.425233568058665,-7.755732558070183,-0.152
1730017644000172097,-7.5025854335144375,-7.854186359886622,-0.148
1730017644125172100,-7.5882551749623595,-7.955620669734467,-0.138
1730017644250172102,-7.674755255272874,-8.080931385911459,-0.136
1730017644375172105,-7.740875819092702,-8.210729031485844,-0.133
1730017644500172108,-7.8506688551546855,-8.297228459216113,-0.146
1730017644625172110,-7.949230585819944,-8.41507173175022,-0.134
1730017644750172113,-8.027412801886957,-8.537401934416357,-0.13
1730017644875172115,-8.121400432601398,-8.64181674839876,-0.118
1730017645000172118,-8.19043444238286,-8.737290034980608,-0.144
1730017645125172121,-8.242832704215807,-8.826802305555404,-0.11
1730017645250172123,-8.295230967309442,-8.91631457610863,-0.103
1730017645375172126,-8.322675605154675,-8.996885320610234,-0.083
1730017645500172129,-8.350120246279728,-9.077456064876694,-0.067
1730017645625172131,-8.35261126067995,-9.149085284518645,-0.062
1730017645750172134,-8.358015705051129,-9.186390150038758,-0.061
1730017645875172137,-8.39211754619103,-9.222188589838566,-0.041
1730017646000172140,-8.397521991543528,-9.259493453742445,-0.025
1730017646125172143,-8.411244312082038,-9.299778826358917,-0.034
1730017646250172145,-8.379633488237845,-9.335609606803938,-0.02
1730017646375172148,-8.401673684930337,-9.378875486019256,-0.029
1730017646500172151,-8.38669861154044,-9.420667283449886,-0.018
1730017646625172153,-8.413312917891101,-9.477361621445848,-0.000999999999998
1730017646750172156,-8.410399488116763,-9.511685978640102,-0.012
1730017646875172159,-8.418717363733817,-9.514666486532512,-0.002
1730017647000172162,-8.397507503621794,-9.49527701126955,0.0
1730017647125172165,-8.344686821360872,-9.511718318094706,0.004
1730017647250172168,-8.347600250841168,-9.47739396228679,0.012
1730017647375172170,-8.314328749229258,-9.465471929063872,0.011
1730017647500172173,-8.281057245155592,-9.453549895896161,0.019
1730017647625172176,-8.39211754619103,-9.222188589838566,-0.105
1730017647750172178,-8.345954061644656,-9.19385759034429,-0.104
1730017647875172181,-8.271093183298454,-9.167033015691874,-0.1
1730017648000172184,-8.224929701320606,-9.138702016675591,-0.095
1730017648125172186,-8.187084092726707,-9.113351524195604,-0.1
1730017648250172189,-8.136346504733954,-9.07159206779031,-0.114
1730017648375172192,-8.06522939654507,-9.034319541851579,-0.126
1730017648500172194,-8.006173932917903,-8.98957957406822,-0.131
1730017648625172197,-7.943374700771343,-8.955287555188804,-0.121
1730017648750172199,-7.867683490613833,-8.904586569927615,-0.117
1730017648875172202,-7.791992278446976,-8.853885585386859,-0.115
1730017649000172205,-7.711726962349296,-8.789756140271015,-0.119
1730017649125172207,-7.63603575237329,-8.739055153077377,-0.12
1730017649250172210,-7.5482828991558355,-8.695821604271943,-0.114
1730017649375172212,-7.472591693052626,-8.645120615571008,-0.112
1730017649500172215,-7.384838839035797,-8.601887064458452,-0.106
1730017649625172217,-7.304573527487967,-8.537757616595272,-0.111
1730017649750172220,-7.2243082197044,-8.47362816717263,-0.11
1730017649875172222,-7.139468806182169,-8.396070259974081,-0.11
1730017650000172225,-7.054629394308528,-8.318512351906595,-0.11
1730017650125172227,-6.9743640883381355,-8.254382899194393,-0.105
1730017650250172230,-6.897842553711455,-8.179805498143242,-0.114
1730017650375172232,-6.808429043265117,-8.088819128560727,-0.095
1730017650500172235,-6.728163740741811,-8.024689674671034,-0.099
1730017650625172237,-6.647068107312019,-7.936683813997211,-0.092
1730017650750172240,-6.565972476182048,-7.848677951225958,-0.098
1730017650875172243,-6.484876844578778,-7.760672087760091,-0.094
1730017651000172245,-6.412099092148096,-7.675646735545467,-0.105
1730017651125172248,-6.327259694596962,-7.598088819491948,-0.109
1730017651250172251,-6.254481943437109,-7.513063465267484,-0.103
1730017651375172253,-6.1771300922175465,-7.414609652440086,-0.11
1730017651500172256,-6.091460369993588,-7.313175328500235,-0.08
1730017651625172258,-6.022426396342341,-7.217702023809601,-0.075
1730017651750172261,-5.945074551511431,-7.119248208437332,-0.069
1730017651875172264,-5.863978937220453,-7.031242338630577,-0.071
1730017652000172266,-5.786627095989476,-6.9327885231379485,-0.069
1730017652125172269,-5.7092752575001535,-6.8343347052039025,-0.062
1730017652250172271,-5.623605548268004,-6.732900376257315,-0.076
1730017652375172274,-5.537935839319841,-6.6314660459226875,-0.071
1730017652500172277,-5.456840234308992,-6.543460173679996,-0.071
1730017652625172279,-5.371170531792811,-6.442025842312494,-0.073
1730017652750172282,-5.293818703626151,-6.343572021343056,-0.07
1730017652875172284,-5.208149006199697,-6.242137686935811,-0.073
1730017653000172287,-5.122479309855476,-6.140703354935915,-0.075
1730017653125172289,-5.028491744854401,-6.036288508732447,-0.071
1730017653250172292,-4.954883699205257,-5.927386737215084,-0.067
1730017653375172294,-4.869214010402062,-5.825952401615156,-0.059
1730017653500172297,-4.779800549780953,-5.73496601217662,-0.075
1730017653625172299,-4.697874639564751,-5.623083727519046,-0.06
1730017653750172302,-4.612204956023245,-5.5216493874483294,-0.067
1730017653875172305,-4.526535275949017,-5.4202150492019365,-0.076
1730017654000172307,-4.440865600795641,-5.318780709843223,-0.084
1730017654125172310,-4.334816407794184,-5.221833289395197,-0.067
1730017654250172312,-4.249146734826053,-5.1203989483791394,-0.046
1730017654375172315,-4.155159194306662,-5.015984092086695,-0.048
1730017654500172318,-4.069489526152172,-4.9145497489218295,-0.075
1730017654625172320,-3.980076084921223,-4.823563351934319,-0.076
1730017654750172323,-3.8906626463273,-4.732576951966589,-0.081
1730017654875172325,-3.796675112863202,-4.628162091888468,-0.076
1730017655000172328,-3.698943808013135,-4.534195178634498,-0.077
1730017655125172331,-3.601212505683816,-4.440228263349287,-0.08
1730017655250172333,-3.495163335563103,-4.343280834201044,-0.074
1730017655375172336,-3.3891141679682177,-4.246333403512706,-0.075
1730017655500172338,-3.2876390935665367,-4.162814431299731,-0.073
1730017655625172341,-3.1815899306206914,-4.0658669979126465,-0.069
1730017655750172344,-3.0763710861693467,-3.9927959685489913,-0.075
1730017655875172346,-2.9620040556176193,-3.892868019860374,-0.078
1730017656000172349,-2.8318316075180987,-3.810855445281118,-0.075
1730017656125172352,-2.7303565455324206,-3.7273364663460176,-0.08
1730017656250172354,-2.6243073935163657,-3.630389027157065,-0.083
1730017656375172357,-2.5190885565263574,-3.55731798918943,-0.076
1730017656500172359,-2.429675149034861,-3.466331575671976,-0.086
1730017656625172362,-2.316138446120035,-3.3902800225418113,-0.078
1730017656750172364,-2.2267250403304932,-3.2992936066985568,-0.079
1730017656875172367,-2.1252499901585,-3.2157746198157238,-0.089
1730017657000172370,-2.01920085166077,-3.1188271718315113,-0.084
1730017657125172372,-1.934361541963928,-3.0412692130662564,-0.081
1730017657250172375,-1.824568627153147,-2.954769707037563,-0.067
1730017657375172377,-1.7110319373694574,-2.878718146955315,-0.047
1730017657500172380,-1.6095568970545555,-2.795199153368454,-0.042
1730017657625172383,-1.4914461218390835,-2.7057191303143395,-0.036
1730017657750172385,-1.3575299211503769,-2.6341544773360246,-0.034
1730017657875172388,-1.2477370184270435,-2.5476549649521223,-0.038
1730017658000172390,-1.1296262503387982,-2.4581749351467757,-0.027
1730017658125172393,-1.0077717028328672,-2.3791428470958866,-0.028
1730017658250172396,-0.9025528938575169,-2.3060717914081863,-0.037
1730017658375172398,-0.7881859103203983,-2.2061438103230904,-0.024
1730017658500172401,-0.6588438100079008,-2.148007608597796,-0.015
1730017658625172403,-0.5407330524393473,-2.058527570339739,-0.018
1730017658750172406,-0.4355142484651208,-1.9854565075918087,-0.002
1730017658875172408,-0.35067496339312226,-1.9078985318134416,-0.016
1730017659000172411,-0.23422482254313742,-1.8661712998647766,-0.008
1730017659125172413,-0.11860498755185328,-1.8483204706027103,-0.018
1730017659250172416,0.01739436332890748,-1.834956552021442,-0.014
1730017659375172419,0.13135358966345684,-1.8648585299714955,-0.029
1730017659500172421,0.24614312151688694,-1.8708841013719018,-0.034
1730017659625172424,0.3526147865086428,-1.879890187275747,-0.038
1730017659750172426,0.47655248986137727,-1.8590588324574684,-0.043
1730017659875172429,0.6154653208045249,-1.8800192518723833,-0.053
1730017660000172431,0.7460602862690118,-1.903960187253534,-0.06
1730017660125172434,0.8729114693274498,-1.9174531730511726,-0.068
1730017660250172437,0.9868707025179158,-1.9473551394119029,-0.068
1730017660375172439,1.1482462345122064,-2.031003210982406,-0.044
1730017660500172442,1.2788412048232636,-2.054944136547995,-0.045
1730017660625172445,1.4123496569392242,-2.1132094083932946,-0.051
1730017660750172447,1.5337964609823231,-2.164007253190937,-0.051
1730017660875172450,1.6831103504215634,-2.240187890103903,-0.042
1730017661000172452,1.8332545433418694,-2.292492117766591,-0.042
1730017661125172455,1.9842290389700854,-2.3209199364529165,-0.039
1730017661250172458,2.1934286107738608,-2.328484118522006,-0.032
1730017661375172460,2.321532691375778,-2.424054244512,-0.09
1730017661500172463,2.4662725089731063,-2.5136633282581506,-0.052
1730017661625172465,2.566509506550328,-2.58385065822432,-0.055
1730017661750172468,2.7877707400445018,-2.5988822476988753,0.034
1730017661875172471,2.9470631150196924,-2.6243295286588655,0.045
1730017662000172473,3.023176812236641,-2.679582009105844,0.003
1730017662125172476,3.14836742013548,-2.740827771868669,-0.006
1730017662250172479,3.268153647884095,-2.8393784020383874,0.022
1730017662375172481,3.397088044899514,-2.911072104852928,0.021
1730017662500172484,3.53725379787661,-3.014109632170963,0.026
1730017662625172486,3.6903115055354805,-3.1007381740970117,0.079
1730017662750172489,3.810097740494906,-3.199288797025508,0.076
1730017662875172492,3.905760672660412,-3.282904574853066,0.085
1730017663000172494,3.963578046929934,-3.391870900566496,0.072
1730017663125172497,4.096256243352158,-3.4740125335199314,0.087
1730017663250172500,4.14118166706509,-3.599387841552794,0.02
1730017663375172502,4.19899904400447,-3.708354166745244,0.049
1730017663500172505,4.302979848883449,-3.78898941834548,0.027
1730017663625172507,4.381176753241788,-3.90244264134841,0.008
1730017663750172510,4.484327263460509,-4.00695429785547,-0.016
1730017663875172513,4.551292811067695,-4.08906369266265,-0.053
1730017664000172515,4.659017410014282,-4.180146882423219,-0.058
1730017664125172518,4.7417884024403545,-4.280171636951443,-0.067
1730017664250172521,4.836621049430883,-4.387663812065552,-0.088
1730017664375172523,4.94351535526392,-4.502623404140361,-0.053
1730017664500172526,5.026286349810998,-4.6026481573552935,-0.089
1730017664625172529,5.125693087041864,-4.696711863657232,-0.088
1730017664750172531,5.2288436103482985,-4.8012235126709175,-0.036
1730017664875172534,5.3161886948047465,-4.887819797692517,-0.079
1730017665000172536,5.402703480677423,-4.998292489119624,-0.072
1730017665125172539,5.497536140317046,-5.10578465640478,-0.099
1730017665250172542,5.587794715082471,-5.226705287465766,-0.078
1730017665375172544,5.703006904994361,-5.338684347980708,-0.078
1730017665500172547,5.789521696958263,-5.449157036577998,-0.074
1730017665625172550,5.88809814906762,-5.567097140642761,-0.08
1730017665750172552,5.97918702823092,-5.664141363088101,-0.088
1730017665875172555,6.061127739221442,-5.788042511969428,-0.093
1730017666000172557,6.155960409784632,-5.895534673101686,-0.091
1730017666125172560,6.254536866130229,-6.013474774552774,-0.091
1730017666250172563,6.353943623935514,-6.107538467514995,-0.092
1730017666375172565,6.441288724674535,-6.19413474132867,-0.086
1730017666500172568,6.5361213984744,-6.3016268977348675,-0.095
1730017666625172571,6.63095407646067,-6.409119053526798,-0.1
1730017666750172573,6.734934922385287,-6.489754276495944,-0.108
1730017666875172576,6.826023815981504,-6.586798488439882,-0.111
1730017667000172579,6.925430582576442,-6.68086217406253,-0.122
1730017667125172581,7.016519476877734,-6.777906384741611,-0.123
1730017667250172584,7.120500329140913,-6.858541603790929,-0.137
1730017667375172587,7.227394675861221,-6.973501169286216,-0.14
1730017667500172589,7.326801448972652,-7.067564850417947,-0.14
1730017667625172592,7.442843968615766,-7.15566748167893,-0.137
1730017667750172594,7.54225074279704,-7.24973116090335,-0.135
1730017667875172597,7.641657520957435,-7.343794839110966,-0.137
1730017668000172600,7.741064300238391,-7.437858514899483,-0.14
1730017668125172602,7.844214868005955,-7.542370133966744,-0.127
1730017668250172605,7.9390475641707186,-7.649862275835481,-0.13
1730017668375172608,8.038454348230172,-7.743925948300074,-0.126
1730017668500172610,8.146179007577503,-7.835009095560046,-0.112
1730017668625172613,8.241011708132861,-7.942501233257492,-0.112
1730017668750172616,8.344162286199422,-8.047012844901063,-0.105
1730017668875172618,8.443569076946646,-8.141076513323142,-0.097
1730017669000172621,8.538401782835672,-8.248568649486382,-0.104
1730017669125172624,8.633234492026766,-8.356060783392776,-0.103
1730017669250172626,8.728067200900242,-8.463552917420493,-0.106
1730017669375172629,8.773822963907444,-8.56505180002057,-0.11
1730017669500172632,8.841618857953252,-8.62328475320806,-0.103
1730017669625172635,8.897353087659624,-8.674050292026951,-0.103
1730017669750172637,8.97804094193735,-8.71587425022339,-0.111
1730017669875172640,9.054985005795176,-8.747250267870625,-0.11
1730017670000172642,9.099487869622235,-8.766671983489857,-0.113
1730017670125172645,9.178092527127589,-8.750295181717046,-0.115
1730017670250172648,9.205959643288613,-8.775677950626932,-0.124
1730017670375172650,9.230082972500842,-8.790612778154156,-0.127
1730017670500172653,9.2604409740724,-8.744366320364822,-0.143
1730017670625172656,9.247549015574032,-8.760775315186118,-0.137
1730017670750172658,9.248379310662685,-8.736898906636632,-0.139
1730017670875172660,9.248379310662685,-8.736898906636632,-0.137
1730017671000172663,9.236317647247196,-8.729431492921353,-0.136
1730017671125172665,9.236317647247196,-8.729431492921353,-0.137
1730017671250172668,9.230913267360402,-8.766736368696641,-0.131
1730017671375172670,9.232573857752127,-8.718983552018887,-0.134
1730017671500172673,9.240061436583895,-8.73987943338119,-0.142
1730017671625172676,9.093268106548944,-9.063636825396667,-0.089
1730017671750172678,9.130283395413462,-9.062162658657362,-0.08
1730017671875172681,9.142345058491328,-9.069630071516775,-0.097
1730017672000172684,9.146088848215047,-9.080078013830558,-0.105
1730017672125172687,9.13777097397344,-9.083058541129722,-0.122
1730017672250172690,9.130283395413462,-9.062162658657362,-0.125
1730017672375172693,9.127369902310436,-9.027838309703087,-0.12
1730017672500172696,9.138601269542969,-9.059182131401016,-0.128
1730017672625172698,9.121965518943199,-9.065143186315403,-0.139
1730017672750172701,9.111564449348277,-9.009922954109516,-0.134
1730017672875172704,9.083697333566255,-8.984540185547278,-0.133
1730017673000172707,9.067891880880339,-8.966624830340606,-0.158
1730017673125172709,9.03628097413616,-8.930794121939414,-0.158
1730017673250172712,9.00467006935819,-8.894963411791645,-0.151
1730017673375172714,8.936043876846483,-8.860606867448126,-0.129
1730017673500172717,8.909007059805717,-8.8113476889412,-0.128
1730017673625172720,8.873652364430797,-8.765069037808738,-0.107
1730017673750172722,8.84204146073602,-8.729238327750334,-0.09
1730017673875172725,8.782563442015897,-8.66802484634647,-0.1
1730017674000172728,8.74720875007383,-8.6217461954014,-0.107
1730017674125172730,8.691474518835419,-8.570980654673514,-0.107
1730017674250172733,8.64031437599214,-8.506786647336936,-0.098
1730017674375172736,8.589154233863725,-8.442592640722836,-0.106
1730017674500172739,8.525932428955933,-8.370931216650042,-0.105
1730017674625172741,8.466454411603266,-8.309717734734548,-0.097
1730017674750172744,8.407806693292112,-8.224627843744505,-0.098
1730017674875172747,8.352902763714898,-8.149985892449003,-0.093
1730017675000172750,8.281363086142923,-8.081304994088004,-0.097
1730017675125172752,8.234777031474588,-8.003682517240234,-0.095
1730017675250172755,8.155749780452542,-7.914105734455019,-0.093
1730017675375172758,8.109163726975934,-7.8364832576444545,-0.09
1730017675500172761,8.038454348230172,-7.743925948300074,-0.102
1730017675625172763,7.9669146769638415,-7.675245047530478,-0.071
1730017675750172766,7.900779386944623,-7.56925927045528,-0.071
1730017675875172769,7.842131672219797,-7.4841693766073965,-0.074
1730017676000172771,7.775166087657753,-7.402060007380776,-0.062
1730017676125172774,7.708200501508502,-7.319950637754188,-0.055
1730017676250172777,7.642065214365202,-7.213964858595629,-0.046
1730017676375172779,7.587991588517268,-7.1154464959532575,-0.039
1730017676500172782,7.496902686528204,-7.01840229269598,-0.035
1730017676625172785,7.414131655507584,-6.9183775633791,-0.039
1730017676750172787,7.335934711956389,-6.804924366319172,-0.051
1730017676875172790,7.232784151638605,-6.7004127434107446,-0.067
1730017677000172793,7.158330998563357,-6.597407486878613,-0.089
1730017677125172795,7.106340572784968,-6.5570898784607845,-0.09
1730017677250172798,7.060584821734694,-6.455590989302387,-0.092
1730017677375172801,6.978644095148433,-6.331689847373778,-0.097
1730017677500172803,6.912508816534982,-6.22570406395079,-0.088
1730017677625172806,6.857604901791498,-6.15106210550122,-0.086
1730017677750172809,6.782321454813106,-6.07193325308359,-0.092
1730017677875172811,6.691232562959336,-5.974889041469616,-0.078
1730017678000172814,6.612205333222563,-5.885312246561109,-0.09
1730017678125172817,6.528604021012849,-5.809163916502284,-0.082
1730017678250172820,6.442089216578227,-5.6986912371537635,-0.085
1730017678375172822,6.363061989759628,-5.609114438647097,-0.092
1730017678500172825,6.287778551525505,-5.529985582386255,-0.087
1730017678625172828,6.208751324992491,-5.440408784262918,-0.079
1730017678750172831,6.087304450361323,-5.389611009803577,-0.096
1730017678875172833,5.983323617042658,-5.308975779032661,-0.092
1730017679000172836,5.883916866565713,-5.214912082275662,-0.092
1730017679125172839,5.784510117724003,-5.120848384390923,-0.092
1730017679250172841,5.701739113148396,-5.020823638999488,-0.096
1730017679375172844,5.621051300314434,-4.97899964951499,-0.106
1730017679500172847,5.574465267192493,-4.901377158453111,-0.107
1730017679625172850,5.412259350830519,-4.841605583368361,-0.04
1730017679750172853,5.26960266456005,-4.810197305531602,-0.045
1730017679875172855,5.163961245898621,-4.777314878537551,-0.023
1730017680000172858,5.028792134918092,-4.766802482431151,-0.038
1730017680125172861,4.902771192419496,-4.7294331537760455,-0.023
1730017680250172863,4.768432379555653,-4.695044346454165,-0.029
1730017680375172866,4.640750842082121,-4.705427826261414,-0.027
1730017680500172869,4.5351094291596175,-4.672545392600674,-0.021
1730017680625172871,4.412832276374511,-4.6456239972927245,-0.017
1730017680750172874,4.295129212447617,-4.605274138185809,-0.011
1730017680875172876,4.169108277780926,-4.567904799067234,0.012
1730017681000172879,4.042257042281316,-4.554411864697682,0.027
1730017681125172882,3.911662024893904,-4.530470984539512,0.024
1730017681250172884,3.781067008735145,-4.50653010241337,0.052
1730017681375172887,3.5672932946944305,-4.512394426951428,0.031
1730017681500172890,3.3951089323442756,-4.503356141385454,0.026
1730017681625172892,3.2433040940701594,-4.498804752893319,0.031
1730017681750172895,3.0998171252444826,-4.491272844927519,0.033
1730017681875172898,2.9517560734102575,-4.497169396513778,0.039
1730017682000172900,2.8286486305650014,-4.494124383909559,0.043
1730017682125172903,2.673100010581454,-4.479125043566043,0.03
1730017682250172906,2.54167470002844,-4.479060547790224,0.036
1730017682375172908,2.4102493898397506,-4.478996049381049,0.018
1730017682500172911,2.2501266877413664,-4.477425161793285,0.02
1730017682625172914,2.1095532027037094,-4.504217585401478,0.024
1730017682750172917,1.975214416086204,-4.46982872917256,0.006
1730017682875172919,1.827983673547577,-4.45184885133576,-0.006
1730017683000172922,1.680752932694905,-4.433868971859431,0.0
1730017683125172925,1.5372659726147373,-4.426337033626476,-0.007
1730017683250172927,1.3659119314716301,-4.393422298620355,-0.025
1730017683375172930,1.2269990639806614,-4.37246189217561,-0.021
1730017683500172933,1.1038916281197872,-4.369416853969794,-0.027
1730017683625172935,0.9649787642936987,-4.348456440641141,-0.032
1730017683750172938,0.8140042478961778,-4.320028603466843,-0.042
1730017683875172941,0.687153035162289,-4.306535612557792,-0.049
1730017684000172944,0.5528142626377586,-4.27214673400232,-0.044
1730017684125172946,0.42596305200610624,-4.258653739298305,-0.069
1730017684250172949,0.28705019231714435,-4.237693315916607,-0.046
1730017684375172952,0.14813733191167344,-4.216732891312081,-0.055
1730017684500172954,0.016712035210151188,-4.216668352360568,-0.08
1730017684625172957,-0.12677491083435555,-4.209136382845683,-0.084
1730017684750172960,-0.27857972732043124,-4.20458492871469,-0.1
1730017684875172962,-0.42123635933367815,-4.173176547402847,-0.103
1730017685000172965,-0.5451740959035265,-4.194007889485583,-0.108
1730017685125172968,-0.6599636507189746,-4.187982305425295,-0.113
1730017685250172970,-0.7626915551089108,-4.189424151015516,-0.119
1730017685375172973,-0.8471230967240806,-4.137152149087481,-0.121
1730017685500172976,-0.8916259126028367,-4.117730377275702,-0.134
1730017685625172978,-0.9685698969826757,-4.086354263969084,-0.132
1730017685750172981,-1.0130727114907832,-4.0669324936269655,-0.131
1730017685875172984,-1.057575528399928,-4.0475107227076075,-0.13
1730017686000172986,-1.0779550458243832,-4.043023810115729,-0.143
1730017686125172989,-1.1232881740817136,-4.04747844398731,-0.125
1730017686250172992,-1.1557293400838933,-4.035524101039113,-0.131
1730017686375172994,-1.1798526368505062,-4.020589241672327,-0.113
1730017686500172997,-1.1881705061981735,-4.023569757634896,-0.091
1730017686625172999,-1.2085500239040352,-4.0190828436561326,-0.089
1730017686750173002,-1.2085500239040352,-4.0190828436561326,-0.087
1730017686875173005,-1.2206116724279348,-4.011615413278184,-0.083
1730017687000173008,-1.2206116724279348,-4.011615413278184,-0.1
1730017687125173010,-1.2326733201198445,-4.00414798507556,-0.107
1730017687250173013,-1.212293802743388,-4.008634898682381,-0.1
1730017687375173016,-1.1956580642651373,-4.002673866839091,-0.107
1730017687500173019,-1.175278546504737,-4.007160780798093,-0.112
1730017687625173021,-1.1548990266783103,-4.011647693966855,-0.117
1730017687750173024,-1.113309679761682,-3.9967451160780447,-0.118
1730017687875173027,-1.080038202582848,-3.984823052805378,-0.131
1730017688000173029,-1.0513408134657387,-3.986329449534497,-0.128
1730017688125173032,-1.0022639088242746,-3.992322760080125,-0.135
1730017688250173035,-0.9365512630369281,-3.992355038261263,-0.144
1730017688375173037,-0.8791564885577148,-3.9953678326560516,-0.144
1730017688500173040,-0.8217617121845837,-3.9983806248319644,-0.137
1730017688625173043,-0.7606231578898104,-4.011841363328779,-0.141
1730017688750173045,-0.7115462521637759,-4.01783467296129,-0.138
1730017688875173048,-0.6541514751401063,-4.020847464390945,-0.137
1730017689000173051,-0.564315532505675,-4.035814597421793,-0.141
1730017689125173053,-0.4948591061618385,-4.0462948159332806,-0.138
1730017689250173056,-0.44120810837138563,-4.038859660545346,-0.143
1730017689375173059,-0.39213120173044325,-4.044852968332939,-0.125
1730017689500173061,-0.3754954629855981,-4.038891935391209,-0.119
1730017689625173064,-0.35428563270167596,-4.0195024406205935,-0.111
1730017689750173067,-0.32184446481155804,-4.031456780354522,-0.107
1730017689875173069,-0.30520872584596836,-4.025495747827312,-0.095
1730017690000173072,-0.3172703754507948,-4.018028318859929,-0.088
1730017690125173075,-0.30895250627174564,-4.015047801964089,-0.079
1730017690250173077,-0.30895250627174564,-4.015047801964089,-0.08
1730017690375173080,-0.309782815871148,-4.038924207582482,-0.08
1730017690500173083,-0.322674774410867,-4.055333185972879,-0.073
1730017690625173085,-0.3430542932490178,-4.050846273922066,-0.075
1730017690750173088,-0.36800790340247774,-4.059787824610204,-0.064
1730017690875173091,-0.4012793811132097,-4.071709890080327,-0.064
1730017691000173093,-0.4382946400433366,-4.073184013479028,-0.056
1730017691125173096,-0.4669920282869971,-4.071677616915112,-0.062
1730017691250173099,-0.46324824829990613,-4.0821255624470645,-0.049
1730017691375173102,-0.4595044687561899,-4.092573506652928,-0.054
1730017691500173104,-0.46407855838825285,-4.1060019682522215,-0.046
1730017691625173107,-0.480714297133098,-4.111963001193951,-0.059
1730017691750173110,-0.4761402079416069,-4.098534538766338,-0.057
1730017691875173112,-0.4686526484107997,-4.119430428504153,-0.067
1730017692000173115,-0.4723964277340516,-4.108982484712916,-0.049
1730017692125173118,-0.4686526484107997,-4.119430428504153,-0.064
1730017692250173120,-0.4723964277340516,-4.108982484712916,-0.059
1730017692375173123,-0.4649088680360277,-4.129878374885698,-0.059
1730017692500173126,-0.4649088680360277,-4.129878374885698,-0.062
1730017692625173129,-0.46116508865859396,-4.140326318656239,-0.068
1730017692750173131,-0.46116508865859396,-4.140326318656239,-0.063
1730017692875173134,-0.45742130889161053,-4.150774263774498,-0.058
1730017693000173136,-0.44910343932534746,-4.14779374772843,-0.065
1730017693125173139,-0.46116508865859396,-4.140326318656239,-0.054
1730017693250173142,-0.46116508865859396,-4.140326318656239,-0.06
1730017693375173144,-0.45742130889161053,-4.150774263774498,-0.05
1730017693500173147,-0.44910343932534746,-4.14779374772843,-0.054
1730017693625173150,-0.45367752918161175,-4.161222208415685,-0.048
1730017693750173152,-0.44910343932534746,-4.14779374772843,-0.058
1730017693875173155,-0.4453596598937319,-4.158241691478275,-0.055
1730017694000173158,-0.44161587985152495,-4.168689636989174,-0.051
1730017694125173160,-0.44161587985152495,-4.168689636989174,-0.041
1730017694250173163,-0.4499337494149852,-4.17167015353301,-0.035
1730017694375173166,-0.44161587985152495,-4.168689636989174,-0.027
1730017694500173168,-0.43329801045247857,-4.165709120508139,-0.025
1730017694625173171,-0.4166622695353327,-4.159748086238877,-0.02
1730017694750173174,-0.43329801045247857,-4.165709120508139,-0.016
1730017694875173176,-0.42872391858775,-4.152280658554862,-0.021
1730017695000173179,-0.4166622695353327,-4.159748086238877,-0.015
1730017695125173182,-0.4166622695353327,-4.159748086238877,-0.028
1730017695250173184,-0.40834440186952703,-4.156767571416505,-0.021
1730017695375173187,-0.40834440186952703,-4.156767571416505,-0.028
1730017695500173190,-0.40834440186952703,-4.156767571416505,-0.04
1730017695625173192,-0.4166622695353327,-4.159748086238877,-0.041
1730017695750173195,-0.4000265306273647,-4.153787053233768,-0.039
1730017695875173198,-0.40377031044910733,-4.143339108137496,-0.053
1730017696000173200,-0.40834440186952703,-4.156767571416505,-0.051
1730017696125173203,-0.4120881816916264,-4.146319626319299,-0.059
1730017696250173206,-0.40377031044910733,-4.143339108137496,-0.055
1730017696375173208,-0.4120881816916264,-4.146319626319299,-0.065
1730017696500173211,-0.40377031044910733,-4.143339108137496,-0.064
1730017696625173214,-0.4195757415521958,-4.125423736208605,-0.064
1730017696750173216,-0.411257869811186,-4.122443219331838,-0.061
1730017696875173219,-0.4029400005774879,-4.119462702415124,-0.058
1730017697000173222,-0.3991962207012067,-4.129910647491633,-0.058
1730017697125173224,-0.387134571316938,-4.137378076044426,-0.067
1730017697250173227,-0.3954524406627367,-4.140358592505121,-0.067
1730017697375173230,-0.39087835102693674,-4.126930131403239,-0.061
1730017697500173232,-0.3954524406627367,-4.140358592505121,-0.056
1730017697625173235,-0.387134571316938,-4.137378076044426,-0.058
1730017697750173238,-0.3917086606747116,-4.150806538036716,-0.06
1730017697875173240,-0.387134571316938,-4.137378076044426,-0.06
1730017698000173243,-0.38339079133229303,-4.147826021079544,-0.056
1730017698125173246,-0.37507292204441317,-4.1448455041421335,-0.06
1730017698250173249,-0.37507292204441317,-4.1448455041421335,-0.062
1730017698375173251,-0.37881670192069444,-4.134397559065624,-0.058
1730017698500173254,-0.3704988324095474,-4.131417043040608,-0.059
1730017698625173257,-0.387134571316938,-4.137378076044426,-0.061
1730017698750173259,-0.3825604817390569,-4.123949614465829,-0.059
1730017698875173262,-0.3900480411562516,-4.103053725681223,-0.062
1730017699000173265,-0.3825604817390569,-4.123949614465829,-0.056
1730017699125173267,-0.3779863921038342,-4.110521153365237,-0.047
1730017699250173270,-0.38173017153580663,-4.100073209614458,-0.048
1730017699375173273,-0.3734123023021086,-4.0970926926977445,-0.054
1730017699500173275,-0.38173017153580663,-4.100073209614458,-0.052
1730017699625173278,-0.38547395179847793,-4.089625263688933,-0.059
1730017699750173281,-0.38547395179847793,-4.089625263688933,-0.049
1730017699875173283,-0.38089986216267796,-4.0761968025870505,-0.058
1730017700000173286,-0.3771560826189617,-4.086644746792915,-0.068
1730017700125173289,-0.38921773128463216,-4.07917731995885,-0.066
1730017700250173292,-0.388387421800337,-4.055300913387819,-0.077
1730017700375173294,-0.39213120173044325,-4.044852968332939,-0.077
1730017700500173297,-0.3996187616451945,-4.023957078242941,-0.062
1730017700625173300,-0.3996187616451945,-4.023957078242941,-0.072
1730017700750173302,-0.39878845193705476,-4.000080672583013,-0.077
1730017700875173305,-0.4071063212819193,-4.003061189043351,-0.072
1730017701000173308,-0.402532231423209,-3.9896327288529303,-0.067
1730017701125173310,-0.4062760110211071,-3.979184784667763,-0.065
1730017701250173313,-0.4137635709358583,-3.9582888945777652,-0.06
1730017701375173316,-0.4175073507551549,-3.9478409499783274,-0.072
1730017701500173318,-0.4137635709358583,-3.9582888945777652,-0.074
1730017701625173321,-0.42125113073979986,-3.9373930049432095,-0.088
1730017701750173324,-0.42125113073979986,-3.9373930049432095,-0.087
1730017701875173327,-0.4166770408231707,-3.9239645452295036,-0.081
1730017702000173329,-0.4204208208074588,-3.91351660019532,-0.09
1730017702125173332,-0.4287386899897778,-3.91649711659357,-0.091
1730017702250173335,-0.4287386899897778,-3.91649711659357,-0.087
1730017702375173337,-0.4362262499054632,-3.8956012265039295,-0.089
1730017702500173340,-0.4353959403056872,-3.871724820885394,-0.084
1730017702625173343,-0.43913971984602324,-3.861276877176007,-0.088
1730017702750173346,-0.43913971984602324,-3.861276877176007,-0.09
1730017702875173348,-0.4428834997761295,-3.8508289321211273,-0.099
1730017703000173351,-0.4428834997761295,-3.8508289321211273,-0.097
1730017703125173354,-0.44662728014809866,-3.8403809862373506,-0.102
1730017703250173356,-0.4503710596342529,-3.8299330425072675,-0.11
1730017703375173359,-0.4503710596342529,-3.8299330425072675,-0.102
1730017703500173362,-0.4420531906184966,-3.8269525256738017,-0.109
1730017703625173364,-0.4503710596342529,-3.8299330425072675,-0.126
1730017703750173367,-0.4420531906184966,-3.8269525256738017,-0.129
1730017703875173370,-0.44579697043678246,-3.816504581075048,-0.135
1730017704000173372,-0.4420531906184966,-3.8269525256738017,-0.128
1730017704125173375,-0.44579697043678246,-3.816504581075048,-0.14
1730017704250173378,-0.44579697043678246,-3.816504581075048,-0.145
1730017704375173381,-0.4420531906184966,-3.8269525256738017,-0.142
1730017704500173383,-0.44662728014809866,-3.8403809862373506,-0.145
1730017704625173386,-0.44662728014809866,-3.8403809862373506,-0.153
1730017704750173389,-0.4428834997761295,-3.8508289321211273,-0.155
